2/8/2023 12:33,25.27,54.00,1.48

2/8/2023 12:48,25.20,54.00,1.47,1

2/8/2023 13:03,25.27,54.00,1.48

2/8/2023 13:18,25.20,54.00,1.47

2/8/2023 13:33,25.21,54.00,1.48

2/8/2023 13:48,25.26,54.00,1.48

2/8/2023 14:03,25.33,53.00,1.52

2/8/2023 14:18,25.47,53.00,1.53

2/8/2023 14:33,25.29,52.00,1.55

2/8/2023 14:48,25.14,53.00,1.50

2/8/2023 15:03,24.99,53.00,1.49

2/8/2023 15:18,25.00,53.00,1.49

2/8/2023 15:33,25.00,53.00,1.49

2/8/2023 15:48,25.06,53.00,1.49

2/8/2023 16:03,25.21,52.00,1.54

2/8/2023 16:18,25.07,52.00,1.53

2/8/2023 16:33,24.83,53.00,1.47

2/8/2023 16:48,24.55,53.00,1.45

2/8/2023 17:03,24.63,53.00,1.46

2/8/2023 17:18,24.60,53.00,1.45

2/8/2023 17:33,24.51,53.00,1.45

2/8/2023 17:48,24.35,54.00,1.40

2/8/2023 18:03,24.47,53.00,1.44

2/8/2023 18:18,24.49,53.00,1.44

2/8/2023 18:33,24.48,53.00,1.44

2/8/2023 18:48,24.45,53.00,1.44

2/8/2023 19:03,24.39,53.00,1.44

2/8/2023 19:18,24.28,53.00,1.43

2/8/2023 19:33,24.28,52.00,1.46

2/8/2023 19:48,24.27,52.00,1.46

2/8/2023 20:03,24.25,52.00,1.45

2/8/2023 20:18,24.22,52.00,1.45

2/8/2023 20:33,24.21,52.00,1.45

2/8/2023 20:48,24.18,53.00,1.42

2/8/2023 21:03,24.14,53.00,1.41

2/8/2023 21:18,24.05,53.00,1.41

2/8/2023 21:33,24.03,53.00,1.40

2/8/2023 21:48,24.01,53.00,1.40

2/8/2023 22:03,23.97,53.00,1.40

2/8/2023 22:18,23.96,54.00,1.37

2/8/2023 22:33,23.87,53.00,1.39

2/8/2023 22:48,23.83,54.00,1.36

2/8/2023 23:03,23.84,54.00,1.36

2/8/2023 23:18,23.71,54.00,1.35

2/8/2023 23:33,23.58,54.00,1.34

2/8/2023 23:48,23.47,55.00,1.30

2/9/2023 00:03,23.45,55.00,1.30

2/9/2023 00:18,23.42,56.00,1.27

2/9/2023 00:33,23.46,56.00,1.27

2/9/2023 00:48,23.46,56.00,1.27

2/9/2023 01:03,23.43,56.00,1.27

2/9/2023 01:18,23.46,57.00,1.24

2/9/2023 01:33,23.46,56.00,1.27

2/9/2023 01:48,23.58,56.00,1.28

2/9/2023 02:03,23.64,55.00,1.31

2/9/2023 02:18,23.68,55.00,1.32

2/9/2023 02:33,23.67,55.00,1.32

2/9/2023 02:48,23.67,55.00,1.32

2/9/2023 03:03,23.66,55.00,1.32

2/9/2023 03:18,23.63,55.00,1.31

2/9/2023 03:33,23.54,55.00,1.31

2/9/2023 03:48,23.53,55.00,1.31

2/9/2023 04:03,23.56,55.00,1.31

2/9/2023 04:18,23.57,55.00,1.31

2/9/2023 04:33,23.58,55.00,1.31

2/9/2023 04:48,23.60,55.00,1.31

2/9/2023 05:03,23.60,56.00,1.28

2/9/2023 05:18,23.58,56.00,1.28

2/9/2023 05:33,23.56,56.00,1.28

2/9/2023 05:48,23.60,56.00,1.28

2/9/2023 06:03,23.60,56.00,1.28

2/9/2023 06:18,23.58,56.00,1.28

2/9/2023 06:33,23.58,56.00,1.28

2/9/2023 06:48,23.58,56.00,1.28

2/9/2023 07:03,23.70,56.00,1.29

2/9/2023 07:18,23.78,56.00,1.30

2/9/2023 07:33,23.96,56.00,1.31

2/9/2023 07:48,24.11,56.00,1.32

2/9/2023 08:03,24.35,55.00,1.37

2/9/2023 08:18,24.29,56.00,1.34

2/9/2023 08:33,24.24,56.00,1.33

2/9/2023 08:48,24.36,56.00,1.34

2/9/2023 09:03,24.38,56.00,1.34

2/9/2023 09:18,24.35,56.00,1.34

2/9/2023 09:33,24.38,56.00,1.34

2/9/2023 09:48,24.31,56.00,1.34

2/9/2023 10:03,24.36,56.00,1.34

2/9/2023 10:18,24.47,56.00,1.35

2/9/2023 10:33,24.42,56.00,1.35

2/9/2023 10:48,24.40,56.00,1.34

2/9/2023 11:03,24.38,56.00,1.34

2/9/2023 11:18,24.28,57.00,1.30

2/9/2023 11:33,24.29,57.00,1.31

2/9/2023 11:48,24.12,58.00,1.26

2/9/2023 12:03,24.19,57.00,1.30

2/9/2023 12:18,24.24,57.00,1.30

2/9/2023 12:33,24.17,57.00,1.30

2/9/2023 12:48,24.18,58.00,1.27

2/9/2023 13:03,24.24,57.00,1.30

2/9/2023 13:18,24.35,57.00,1.31

2/9/2023 13:33,24.40,57.00,1.31

2/9/2023 13:48,24.45,57.00,1.32

2/9/2023 14:03,24.47,57.00,1.32

2/9/2023 14:18,24.69,56.00,1.37

2/9/2023 14:33,24.79,56.00,1.38

2/9/2023 14:48,24.70,56.00,1.37

2/9/2023 15:03,24.62,56.00,1.36

2/9/2023 15:18,24.66,56.00,1.37

2/9/2023 15:33,24.78,55.00,1.41

2/9/2023 15:48,24.68,55.00,1.40

2/9/2023 16:03,24.52,55.00,1.39

2/9/2023 16:18,24.42,56.00,1.35

2/9/2023 16:33,24.31,56.00,1.34

2/9/2023 16:48,24.27,56.00,1.33

2/9/2023 17:03,24.09,56.00,1.32

2/9/2023 17:18,24.03,56.00,1.32

2/9/2023 17:33,23.97,56.00,1.31

2/9/2023 17:48,23.97,56.00,1.31

2/9/2023 18:03,23.96,56.00,1.31

2/9/2023 18:18,23.96,56.00,1.31

2/9/2023 18:33,23.64,58.00,1.23

2/9/2023 18:48,23.39,58.00,1.21

2/9/2023 19:03,23.67,57.00,1.26

2/9/2023 19:18,23.66,57.00,1.26

2/9/2023 19:33,23.49,58.00,1.22

2/9/2023 19:48,23.27,59.00,1.17

2/9/2023 20:03,23.10,59.00,1.16

2/9/2023 20:18,23.06,59.00,1.16

2/9/2023 20:33,23.03,59.00,1.15

2/9/2023 22:48,22.69,59.00,1.13

2/9/2023 23:03,22.66,59.00,1.13

2/9/2023 23:18,22.62,59.00,1.13

2/9/2023 23:33,22.61,59.00,1.12

2/9/2023 23:48,22.59,59.00,1.12

2/10/2023 00:03,22.52,59.00,1.12

2/10/2023 00:18,22.51,59.00,1.12

2/10/2023 00:33,22.51,59.00,1.12

2/10/2023 00:48,22.45,59.00,1.11

2/10/2023 01:03,22.37,59.00,1.11

2/10/2023 01:18,22.33,59.00,1.11

2/10/2023 01:33,22.25,60.00,1.07

2/10/2023 01:48,22.18,60.00,1.07

2/10/2023 02:03,22.08,60.00,1.06

2/10/2023 02:18,22.14,60.00,1.07

2/10/2023 02:33,22.23,60.00,1.07

2/10/2023 02:48,22.11,61.00,1.04

2/10/2023 03:03,22.17,60.00,1.07

2/10/2023 03:18,22.21,60.00,1.07

2/10/2023 03:33,22.23,60.00,1.07

2/10/2023 03:48,22.27,60.00,1.08

2/10/2023 04:03,22.27,60.00,1.08

2/10/2023 04:18,22.24,60.00,1.07

2/10/2023 04:33,22.20,60.00,1.07

2/10/2023 04:48,22.17,60.00,1.07

2/10/2023 05:03,22.13,60.00,1.07

2/10/2023 05:18,22.20,60.00,1.07

2/10/2023 05:33,22.08,61.00,1.04

2/10/2023 05:48,22.08,61.00,1.04

2/10/2023 06:03,22.20,60.00,1.07

2/10/2023 06:18,22.38,60.00,1.08

2/10/2023 06:33,22.41,60.00,1.08

2/10/2023 06:48,22.31,60.00,1.08

2/10/2023 07:03,22.31,61.00,1.05

2/10/2023 07:18,22.30,61.00,1.05

2/10/2023 07:33,22.28,61.00,1.05

2/10/2023 07:48,22.31,61.00,1.05

2/10/2023 08:03,22.20,61.00,1.04

2/10/2023 08:18,22.20,62.00,1.02

2/10/2023 08:33,22.31,61.00,1.05

2/10/2023 09:03,22.85,60.00,1.11

2/10/2023 09:18,22.89,60.00,1.12

2/10/2023 09:33,22.98,60.00,1.12

2/10/2023 09:48,23.26,59.00,1.17

2/10/2023 10:03,23.33,59.00,1.17

2/10/2023 10:18,23.32,59.00,1.17

2/10/2023 10:33,23.30,59.00,1.17

2/10/2023 10:48,23.01,61.00,1.10

2/10/2023 11:03,22.68,62.00,1.05

2/10/2023 11:18,22.64,62.00,1.04

2/10/2023 11:33,22.55,62.00,1.04

2/10/2023 11:48,22.61,62.00,1.04

2/10/2023 12:03,22.71,62.00,1.05

2/10/2023 12:18,22.80,61.00,1.08

2/10/2023 12:33,22.86,61.00,1.09

2/10/2023 13:03,22.99,61.00,1.09

2/10/2023 13:18,22.94,61.00,1.09

2/10/2023 13:33,23.03,61.00,1.10

2/10/2023 13:48,23.16,61.00,1.11

2/10/2023 14:03,23.17,61.00,1.11

2/10/2023 14:18,23.13,61.00,1.10

2/10/2023 14:33,23.07,61.00,1.10

2/10/2023 14:48,22.99,61.00,1.09

2/10/2023 15:03,23.01,61.00,1.10

2/10/2023 15:18,23.03,61.00,1.10

2/10/2023 15:33,23.01,61.00,1.10

2/10/2023 15:48,22.99,61.00,1.09

2/10/2023 16:03,22.98,61.00,1.09

2/10/2023 16:18,22.95,61.00,1.09

2/10/2023 16:33,22.91,61.00,1.09

2/10/2023 16:48,22.92,62.00,1.06

2/10/2023 17:03,22.79,62.00,1.05

2/10/2023 17:18,22.75,62.00,1.05

2/10/2023 17:33,22.80,62.00,1.05

2/10/2023 17:48,22.88,62.00,1.06

2/10/2023 18:03,22.82,62.00,1.06

2/10/2023 18:18,22.78,62.00,1.05

2/10/2023 18:33,22.78,62.00,1.05

2/10/2023 18:48,22.79,62.00,1.05

2/10/2023 19:03,22.58,66.00,0.93

2/10/2023 19:18,22.56,67.00,0.90

2/10/2023 19:33,22.51,67.00,0.90

2/10/2023 19:48,22.44,67.00,0.90

2/10/2023 20:03,22.45,67.00,0.90

2/10/2023 20:18,22.45,67.00,0.90

2/10/2023 20:33,22.52,66.00,0.93

2/10/2023 20:48,22.35,67.00,0.89

2/10/2023 23:03,21.79,67.00,0.86

2/10/2023 23:18,21.92,66.00,0.89

2/10/2023 23:33,21.89,66.00,0.89

2/10/2023 23:48,21.74,67.00,0.86

2/11/2023 00:03,21.74,67.00,0.86

2/11/2023 00:18,21.77,67.00,0.86

2/11/2023 00:33,21.76,67.00,0.86

2/11/2023 00:48,21.72,67.00,0.86

2/11/2023 01:03,21.76,66.00,0.89

2/11/2023 01:18,21.72,66.00,0.88

2/11/2023 01:33,21.66,67.00,0.85

2/11/2023 01:48,21.57,67.00,0.85

2/11/2023 02:03,21.46,67.00,0.84

2/11/2023 02:18,21.38,68.00,0.81

2/11/2023 02:33,21.26,68.00,0.81

2/11/2023 02:48,21.25,68.00,0.81

2/11/2023 03:03,21.29,67.00,0.84

2/11/2023 03:18,21.21,67.00,0.83

2/11/2023 03:33,21.16,67.00,0.83

2/11/2023 03:48,21.21,67.00,0.83

2/11/2023 04:03,21.16,67.00,0.83

2/11/2023 04:18,21.18,67.00,0.83

2/11/2023 04:33,21.05,67.00,0.82

2/11/2023 04:48,21.06,67.00,0.82

2/11/2023 05:03,21.06,67.00,0.82

2/11/2023 05:18,21.08,67.00,0.82

2/11/2023 05:33,21.02,68.00,0.80

2/11/2023 05:48,21.16,67.00,0.83

2/11/2023 06:03,21.14,67.00,0.83

2/11/2023 06:18,21.11,67.00,0.83

2/11/2023 06:33,21.11,67.00,0.83

2/11/2023 06:48,21.14,67.00,0.83

2/11/2023 07:03,21.12,67.00,0.83

2/11/2023 07:18,21.21,67.00,0.83

2/11/2023 07:33,21.18,67.00,0.83

2/11/2023 07:48,21.26,67.00,0.83

2/11/2023 08:03,21.33,67.00,0.84

2/11/2023 08:18,21.25,67.00,0.83

2/11/2023 08:33,21.28,67.00,0.83

2/11/2023 08:48,21.28,67.00,0.83

2/11/2023 09:03,21.45,67.00,0.84

2/11/2023 09:18,21.52,66.00,0.87

2/11/2023 09:33,22.00,66.00,0.90

2/11/2023 09:48,21.53,66.00,0.87

2/11/2023 10:03,21.52,66.00,0.87

2/11/2023 10:18,21.57,66.00,0.88

2/11/2023 10:33,21.80,65.00,0.91

2/11/2023 10:48,21.90,65.00,0.92

2/11/2023 11:03,21.96,65.00,0.92

2/11/2023 11:18,21.90,65.00,0.92

2/11/2023 11:33,21.92,65.00,0.92

2/11/2023 11:48,21.89,65.00,0.92

2/11/2023 12:03,21.86,66.00,0.89

2/11/2023 12:18,21.86,66.00,0.89

2/11/2023 12:33,21.76,66.00,0.89

2/11/2023 12:48,21.74,66.00,0.88

2/11/2023 15:03,22.01,64.00,0.95

2/11/2023 15:18,22.08,64.00,0.96

2/11/2023 15:33,22.04,64.00,0.95

2/11/2023 15:48,22.04,64.00,0.95

2/11/2023 16:03,21.96,64.00,0.95

2/11/2023 16:18,21.92,64.00,0.95

2/11/2023 16:33,21.90,64.00,0.95

2/11/2023 16:48,21.86,64.00,0.94

2/11/2023 17:03,21.79,64.00,0.94

2/11/2023 17:18,21.74,64.00,0.94

2/11/2023 17:33,21.72,64.00,0.94

2/11/2023 17:48,21.73,64.00,0.94

2/11/2023 18:03,21.69,64.00,0.93

2/11/2023 18:18,21.66,64.00,0.93

2/11/2023 18:33,21.69,64.00,0.93

2/11/2023 18:48,21.67,64.00,0.93

2/11/2023 19:03,21.69,64.00,0.93

2/11/2023 19:18,21.63,64.00,0.93

2/11/2023 19:33,21.59,64.00,0.93

2/11/2023 19:48,21.50,64.00,0.92

2/11/2023 20:03,21.49,64.00,0.92

2/11/2023 20:18,21.45,64.00,0.92

2/11/2023 20:33,21.38,64.00,0.92

2/11/2023 20:48,21.33,65.00,0.89

2/11/2023 21:03,21.32,65.00,0.89

2/11/2023 21:18,21.26,65.00,0.88

2/11/2023 21:33,21.33,64.00,0.91

2/11/2023 21:48,21.36,64.00,0.92

2/11/2023 22:03,21.31,64.00,0.91

2/11/2023 22:18,21.33,64.00,0.91

2/11/2023 22:33,21.31,64.00,0.91

2/11/2023 22:48,21.26,65.00,0.88

2/11/2023 23:03,21.23,65.00,0.88

2/11/2023 23:18,21.28,64.00,0.91

2/11/2023 23:33,21.25,64.00,0.91

2/11/2023 23:48,21.21,64.00,0.91

2/12/2023 00:03,21.16,65.00,0.88

2/12/2023 00:18,21.19,65.00,0.88

2/12/2023 00:33,21.19,65.00,0.88

2/12/2023 00:48,21.19,65.00,0.88

2/12/2023 01:03,21.22,64.00,0.91

2/12/2023 01:18,21.26,64.00,0.91

2/12/2023 01:33,21.23,64.00,0.91

2/12/2023 01:48,21.28,64.00,0.91

2/12/2023 02:03,21.22,64.00,0.91

2/12/2023 02:18,21.21,64.00,0.91

2/12/2023 02:33,21.21,65.00,0.88

2/12/2023 02:48,21.16,65.00,0.88

2/12/2023 03:03,21.14,65.00,0.88

2/12/2023 03:18,21.14,65.00,0.88

2/12/2023 03:33,21.06,65.00,0.87

2/12/2023 03:48,21.11,65.00,0.88

2/12/2023 04:03,21.08,65.00,0.87

2/12/2023 04:18,21.08,65.00,0.87

2/12/2023 04:33,21.09,65.00,0.88

2/12/2023 04:48,21.09,65.00,0.88

2/12/2023 05:03,21.05,65.00,0.87

2/12/2023 05:18,21.08,66.00,0.85

2/12/2023 05:33,21.09,66.00,0.85

2/12/2023 05:48,21.09,65.00,0.88

2/12/2023 06:03,21.09,66.00,0.85

2/12/2023 06:18,21.08,66.00,0.85

2/12/2023 06:33,21.11,66.00,0.85

2/12/2023 06:48,21.14,66.00,0.85

2/12/2023 07:03,21.14,66.00,0.85

2/12/2023 07:18,21.18,66.00,0.85

2/12/2023 07:33,21.22,66.00,0.86

2/12/2023 07:48,21.22,66.00,0.86

2/12/2023 08:03,21.31,66.00,0.86

2/12/2023 08:18,21.33,65.00,0.89

2/12/2023 08:33,21.42,65.00,0.89

2/12/2023 08:48,21.49,65.00,0.90

2/12/2023 09:03,21.59,65.00,0.90

2/12/2023 09:18,21.66,65.00,0.91

2/12/2023 09:33,21.72,65.00,0.91

2/12/2023 09:48,21.99,64.00,0.95

2/12/2023 10:03,22.24,63.00,0.99

2/12/2023 10:18,22.28,63.00,0.99

2/12/2023 10:33,22.30,63.00,1.00

2/12/2023 10:48,22.40,63.00,1.00

2/12/2023 11:03,22.47,63.00,1.01

2/12/2023 11:18,23.00,63.00,1.04

2/12/2023 11:33,22.58,63.00,1.01

2/12/2023 11:48,22.59,63.00,1.01

2/12/2023 12:03,22.64,63.00,1.02

2/12/2023 12:18,22.74,63.00,1.02

2/12/2023 12:33,22.84,62.00,1.06

2/12/2023 12:48,22.92,62.00,1.06

2/12/2023 13:03,23.01,62.00,1.07

2/12/2023 13:18,23.27,61.00,1.11

2/12/2023 13:33,23.54,61.00,1.13

2/12/2023 13:48,23.93,60.00,1.19

2/12/2023 14:03,23.64,60.00,1.17

2/12/2023 14:18,23.26,61.00,1.11

2/12/2023 14:33,23.17,61.00,1.11

2/12/2023 14:48,23.68,60.00,1.17

2/12/2023 15:03,24.09,59.00,1.23

2/12/2023 15:18,24.40,58.00,1.28

2/12/2023 15:33,24.51,57.00,1.32

2/12/2023 15:48,24.28,58.00,1.27

2/12/2023 16:03,24.19,58.00,1.27

2/12/2023 16:18,24.39,57.00,1.31

2/12/2023 16:33,24.52,57.00,1.32

2/12/2023 16:48,24.55,56.00,1.36

2/12/2023 17:03,24.28,57.00,1.30

2/12/2023 17:18,24.00,57.00,1.28

2/12/2023 17:33,23.68,58.00,1.23

2/12/2023 17:48,23.46,58.00,1.21

2/12/2023 18:03,23.33,58.00,1.20

2/12/2023 18:18,23.16,59.00,1.16

2/12/2023 18:33,23.07,59.00,1.16

2/12/2023 18:48,23.02,59.00,1.15

2/12/2023 19:03,22.94,59.00,1.15

2/12/2023 19:18,22.88,59.00,1.14

2/12/2023 19:33,22.88,59.00,1.14

2/12/2023 19:48,22.85,59.00,1.14

2/12/2023 20:03,22.85,60.00,1.11

2/12/2023 20:18,22.79,60.00,1.11

2/12/2023 20:33,22.78,60.00,1.11

2/12/2023 20:48,22.78,60.00,1.11

2/12/2023 21:03,22.76,60.00,1.11

2/12/2023 21:18,22.75,60.00,1.11

2/12/2023 21:33,22.75,60.00,1.11

2/12/2023 21:48,22.76,60.00,1.11

2/12/2023 22:03,22.72,60.00,1.10

2/12/2023 22:18,22.68,60.00,1.10

2/12/2023 22:33,22.59,61.00,1.07

2/12/2023 22:48,22.55,62.00,1.04

2/12/2023 23:03,22.41,63.00,1.00

2/12/2023 23:18,22.28,63.00,0.99

2/12/2023 23:33,22.15,64.00,0.96

2/12/2023 23:48,22.07,64.00,0.96

2/13/2023 00:03,21.96,64.00,0.95

2/13/2023 00:18,22.03,64.00,0.95

2/13/2023 00:33,22.17,64.00,0.96

2/13/2023 00:48,22.21,63.00,0.99

2/13/2023 01:03,22.25,63.00,0.99

2/13/2023 01:18,22.24,63.00,0.99

2/13/2023 01:33,22.23,63.00,0.99

2/13/2023 01:48,22.18,63.00,0.99

2/13/2023 02:03,22.13,64.00,0.96

2/13/2023 02:18,22.11,64.00,0.96

2/13/2023 02:33,22.13,64.00,0.96

2/13/2023 02:48,22.10,64.00,0.96

2/13/2023 03:03,22.06,64.00,0.96

2/13/2023 03:18,22.03,64.00,0.95

2/13/2023 03:33,22.04,64.00,0.95

2/13/2023 03:48,22.04,64.00,0.95

2/13/2023 04:03,22.04,64.00,0.95

2/13/2023 04:18,21.99,64.00,0.95

2/13/2023 04:33,21.97,64.00,0.95

2/13/2023 04:48,21.99,64.00,0.95

2/13/2023 05:03,21.97,65.00,0.92

2/13/2023 05:18,21.97,65.00,0.92

2/13/2023 05:33,21.99,65.00,0.92

2/13/2023 05:48,21.99,65.00,0.92

2/13/2023 06:03,22.01,65.00,0.93

2/13/2023 06:18,22.00,65.00,0.93

2/13/2023 06:33,22.00,65.00,0.93

2/13/2023 06:48,22.03,65.00,0.93

2/13/2023 07:03,22.01,65.00,0.93

2/13/2023 07:18,22.07,65.00,0.93

2/13/2023 07:33,22.07,65.00,0.93

2/13/2023 07:48,22.08,65.00,0.93

2/13/2023 08:03,22.55,64.00,0.98

2/13/2023 08:18,22.69,65.00,0.96

2/13/2023 08:33,22.74,65.00,0.97

2/13/2023 08:48,22.58,65.00,0.96

2/13/2023 09:03,22.64,65.00,0.96

2/13/2023 09:18,22.80,64.00,1.00

2/13/2023 09:33,22.85,64.00,1.00

2/13/2023 09:48,22.94,64.00,1.01

2/13/2023 10:03,23.17,63.00,1.05

2/13/2023 10:18,23.32,63.00,1.06

2/13/2023 10:33,23.43,63.00,1.07

2/13/2023 10:48,23.46,63.00,1.07

2/13/2023 11:03,23.43,63.00,1.07

2/13/2023 11:18,23.39,63.00,1.06

2/13/2023 11:33,23.32,64.00,1.03

2/13/2023 11:48,23.26,64.00,1.03

2/13/2023 12:03,23.25,64.00,1.03

2/13/2023 12:18,23.26,64.00,1.03

2/13/2023 12:33,23.23,64.00,1.03

2/13/2023 12:48,23.23,64.00,1.03

2/13/2023 13:03,23.27,64.00,1.03

2/13/2023 13:18,23.46,64.00,1.04

2/13/2023 13:33,23.58,63.00,1.08

2/13/2023 13:48,23.58,63.00,1.08

2/13/2023 14:03,23.52,64.00,1.04

2/13/2023 14:18,23.46,64.00,1.04

2/13/2023 14:33,23.42,64.00,1.04

2/13/2023 14:48,23.40,64.00,1.04

2/13/2023 15:03,23.43,64.00,1.04

2/13/2023 15:18,23.43,64.00,1.04

2/13/2023 15:33,23.42,64.00,1.04

2/13/2023 15:48,23.43,64.00,1.04

2/13/2023 16:03,23.40,64.00,1.04

2/13/2023 16:18,23.37,64.00,1.03

2/13/2023 16:33,23.36,64.00,1.03

2/13/2023 16:48,23.33,64.00,1.03

2/13/2023 17:03,23.27,64.00,1.03

2/13/2023 17:18,23.07,65.00,0.99

2/13/2023 17:33,23.01,65.00,0.98

2/13/2023 17:48,22.96,65.00,0.98

2/13/2023 18:03,22.89,65.00,0.98

2/13/2023 18:18,22.82,66.00,0.94

2/13/2023 18:33,22.84,66.00,0.95

2/13/2023 18:48,22.75,66.00,0.94

2/13/2023 21:03,22.35,68.00,0.86

2/13/2023 21:18,22.37,68.00,0.87

2/13/2023 21:33,22.37,68.00,0.87

2/13/2023 21:48,22.37,68.00,0.87

2/13/2023 22:03,22.37,67.00,0.89

2/13/2023 22:18,22.30,67.00,0.89

2/13/2023 22:33,22.33,67.00,0.89

2/13/2023 22:48,22.27,67.00,0.89

2/13/2023 23:03,22.20,67.00,0.88

2/13/2023 23:18,22.14,67.00,0.88

2/13/2023 23:33,22.06,67.00,0.88

2/13/2023 23:48,22.06,67.00,0.88

2/14/2023 00:03,22.04,67.00,0.87

2/14/2023 00:18,22.01,67.00,0.87

2/14/2023 00:33,22.03,67.00,0.87

2/14/2023 00:48,21.90,67.00,0.87

2/14/2023 01:03,21.97,67.00,0.87

2/14/2023 01:18,21.96,67.00,0.87

2/14/2023 01:33,21.92,67.00,0.87

2/14/2023 01:48,21.97,66.00,0.90

2/14/2023 02:03,21.94,67.00,0.87

2/14/2023 02:18,21.84,67.00,0.86

2/14/2023 02:33,21.92,66.00,0.89

2/14/2023 02:48,21.80,67.00,0.86

2/14/2023 05:03,21.41,66.00,0.87

2/14/2023 05:18,21.42,66.00,0.87

2/14/2023 05:33,21.42,66.00,0.87

2/14/2023 05:48,21.62,65.00,0.90

2/14/2023 06:03,22.01,64.00,0.95

2/14/2023 06:18,21.87,64.00,0.94

2/14/2023 06:33,21.82,64.00,0.94

2/14/2023 06:48,21.83,64.00,0.94

2/14/2023 07:03,21.92,64.00,0.95

2/14/2023 07:18,22.14,63.00,0.99

2/14/2023 07:33,22.48,62.00,1.03

2/14/2023 07:48,22.61,62.00,1.04

2/14/2023 08:03,22.86,62.00,1.06

2/14/2023 08:18,23.26,61.00,1.11

2/14/2023 08:33,23.25,61.00,1.11

2/14/2023 08:48,23.15,61.00,1.11

2/14/2023 09:03,23.26,61.00,1.11

2/14/2023 09:18,23.10,61.00,1.10

2/14/2023 09:33,22.99,61.00,1.09

2/14/2023 09:48,22.98,61.00,1.09

2/14/2023 10:03,23.05,61.00,1.10

2/14/2023 10:18,23.09,61.00,1.10

2/14/2023 10:33,23.17,61.00,1.11

2/14/2023 10:48,23.20,61.00,1.11

2/14/2023 11:03,23.43,61.00,1.12

2/14/2023 11:18,23.40,61.00,1.12

2/14/2023 11:33,23.34,61.00,1.12

2/14/2023 11:48,23.49,61.00,1.13

2/14/2023 12:03,23.54,60.00,1.16

2/14/2023 12:18,23.50,60.00,1.16

2/14/2023 12:33,23.56,60.00,1.16

2/14/2023 12:48,23.58,60.00,1.16

2/14/2023 13:18,23.74,60.00,1.17

2/14/2023 13:33,23.68,60.00,1.17

2/14/2023 13:48,23.60,60.00,1.17

2/14/2023 14:03,23.54,61.00,1.13

2/14/2023 14:18,23.56,61.00,1.13

2/14/2023 14:33,23.93,60.00,1.19

2/14/2023 14:48,23.97,60.00,1.19

2/14/2023 15:03,23.98,60.00,1.19

2/14/2023 15:18,24.58,58.00,1.30

2/14/2023 15:33,24.69,58.00,1.31

2/14/2023 15:48,24.32,59.00,1.25

2/14/2023 16:03,24.05,60.00,1.20

2/14/2023 16:18,24.27,59.00,1.24

2/14/2023 16:33,24.55,59.00,1.26

2/14/2023 16:48,24.40,59.00,1.25

2/14/2023 17:03,24.34,59.00,1.25

2/14/2023 17:18,24.24,60.00,1.21

2/14/2023 17:33,23.98,60.00,1.19

2/14/2023 17:48,23.81,61.00,1.15

2/14/2023 18:03,23.67,61.00,1.14

2/14/2023 18:18,23.61,61.00,1.14

2/14/2023 18:33,23.42,62.00,1.09

2/14/2023 18:48,23.20,63.00,1.05

2/14/2023 19:03,23.23,63.00,1.05

2/14/2023 19:18,23.23,63.00,1.05

2/14/2023 19:33,23.19,63.00,1.05

2/14/2023 19:48,23.16,63.00,1.05

2/14/2023 20:03,23.16,63.00,1.05

2/14/2023 20:18,23.15,63.00,1.05

2/14/2023 20:33,23.15,63.00,1.05

2/14/2023 20:48,23.16,63.00,1.05

2/14/2023 21:03,23.20,63.00,1.05

2/14/2023 21:18,23.09,63.00,1.05

2/14/2023 21:33,23.03,63.00,1.04

2/14/2023 21:48,22.99,63.00,1.04

2/14/2023 22:03,22.98,63.00,1.04

2/14/2023 22:18,22.96,63.00,1.04

2/14/2023 22:33,22.88,64.00,1.00

2/14/2023 22:48,22.71,64.00,0.99

2/14/2023 23:03,22.54,64.00,0.98

2/14/2023 23:18,22.44,64.00,0.98

2/14/2023 23:33,22.28,65.00,0.94

2/14/2023 23:48,22.15,65.00,0.93

2/15/2023 00:03,22.08,65.00,0.93

2/15/2023 00:18,22.08,65.00,0.93

2/15/2023 00:33,22.17,65.00,0.93

2/15/2023 00:48,22.23,64.00,0.97

2/15/2023 01:03,22.15,64.00,0.96

2/15/2023 01:18,22.17,64.00,0.96

2/15/2023 01:33,22.07,64.00,0.96

2/15/2023 01:48,22.20,63.00,0.99

2/15/2023 02:03,22.27,63.00,0.99

2/15/2023 02:18,22.31,63.00,1.00

2/15/2023 02:33,22.23,63.00,0.99

2/15/2023 02:48,22.18,63.00,0.99

2/15/2023 03:03,22.14,63.00,0.99

2/15/2023 03:18,22.14,63.00,0.99

2/15/2023 03:33,22.15,63.00,0.99

2/15/2023 03:48,22.13,63.00,0.99

2/15/2023 04:03,22.11,63.00,0.98

2/15/2023 04:18,22.14,63.00,0.99

2/15/2023 04:33,22.13,63.00,0.99

2/15/2023 04:48,22.13,63.00,0.99

2/15/2023 05:03,22.10,63.00,0.98

2/15/2023 05:18,22.13,63.00,0.99

2/15/2023 05:33,22.21,63.00,0.99

2/15/2023 05:48,22.38,63.00,1.00

2/15/2023 06:03,22.43,63.00,1.00

2/15/2023 06:18,22.45,63.00,1.01

2/15/2023 06:33,22.65,63.00,1.02

2/15/2023 06:48,22.69,63.00,1.02

2/15/2023 07:03,22.80,62.00,1.05

2/15/2023 07:18,22.86,62.00,1.06

2/15/2023 07:33,22.86,63.00,1.03

2/15/2023 07:48,22.88,63.00,1.03

2/15/2023 08:03,22.96,62.00,1.06

2/15/2023 08:18,23.10,62.00,1.07

2/15/2023 08:33,22.95,63.00,1.04

2/15/2023 08:48,22.95,63.00,1.04

2/15/2023 09:03,23.03,63.00,1.04

2/15/2023 09:18,23.17,62.00,1.08

2/15/2023 09:33,23.43,62.00,1.10

2/15/2023 09:48,23.56,61.00,1.13

2/15/2023 10:03,23.64,61.00,1.14

2/15/2023 10:18,23.81,61.00,1.15

2/15/2023 10:33,23.81,61.00,1.15

2/15/2023 10:48,23.68,61.00,1.14

2/15/2023 11:03,23.66,62.00,1.11

2/15/2023 11:33,23.78,62.00,1.12

2/15/2023 11:48,23.84,61.00,1.15

2/15/2023 12:03,23.85,61.00,1.15

2/15/2023 12:18,23.89,61.00,1.16

2/15/2023 12:33,23.87,61.00,1.15

2/15/2023 12:48,23.81,62.00,1.12

2/15/2023 13:03,23.97,61.00,1.16

2/15/2023 13:18,24.27,60.00,1.21

2/15/2023 13:33,24.21,61.00,1.18

2/15/2023 13:48,24.11,61.00,1.17

2/15/2023 14:03,24.00,61.00,1.16

2/15/2023 14:18,23.87,61.00,1.15

2/15/2023 14:33,23.83,62.00,1.12

2/15/2023 14:48,23.84,62.00,1.12

2/15/2023 15:03,23.85,61.00,1.15

2/15/2023 15:18,23.85,62.00,1.12

2/15/2023 15:33,24.17,61.00,1.18

2/15/2023 15:48,24.18,61.00,1.18

2/15/2023 16:03,23.98,62.00,1.13

2/15/2023 16:18,23.87,62.00,1.12

2/15/2023 16:33,23.87,62.00,1.12

2/15/2023 16:48,23.78,62.00,1.12

2/15/2023 17:03,23.70,63.00,1.08

2/15/2023 17:18,23.54,63.00,1.07

2/15/2023 17:33,23.42,64.00,1.04

2/15/2023 17:48,23.27,64.00,1.03

2/15/2023 18:03,23.25,64.00,1.03

2/15/2023 18:18,23.23,64.00,1.03

2/15/2023 18:33,23.26,64.00,1.03

2/15/2023 18:48,23.26,64.00,1.03

2/15/2023 19:03,23.29,64.00,1.03

2/15/2023 21:18,23.06,64.00,1.01

2/15/2023 21:33,23.05,64.00,1.01

2/15/2023 21:48,22.99,65.00,0.98

2/15/2023 22:03,22.99,64.00,1.01

2/15/2023 22:18,23.01,64.00,1.01

2/15/2023 22:33,22.99,64.00,1.01

2/15/2023 22:48,22.96,65.00,0.98

2/15/2023 23:03,22.95,65.00,0.98

2/15/2023 23:18,22.89,65.00,0.98

2/15/2023 23:33,22.82,65.00,0.97

2/15/2023 23:48,22.71,65.00,0.97

2/16/2023 00:03,22.59,66.00,0.93

2/16/2023 00:18,22.52,66.00,0.93

2/16/2023 00:33,22.56,66.00,0.93

2/16/2023 00:48,22.52,66.00,0.93

2/16/2023 01:03,22.56,65.00,0.96

2/16/2023 01:18,22.58,65.00,0.96

2/16/2023 01:33,22.61,65.00,0.96

2/16/2023 01:48,22.58,65.00,0.96

2/16/2023 02:03,22.56,65.00,0.96

2/16/2023 02:18,22.58,65.00,0.96

2/16/2023 02:33,22.54,65.00,0.96

2/16/2023 02:48,22.47,65.00,0.95

2/16/2023 03:03,22.41,66.00,0.92

2/16/2023 04:03,22.14,66.00,0.91

2/16/2023 04:18,22.07,66.00,0.90

2/16/2023 04:33,22.06,66.00,0.90

2/16/2023 04:48,22.03,66.00,0.90

2/16/2023 05:03,21.96,67.00,0.87

2/16/2023 05:18,22.03,66.00,0.90

2/16/2023 05:33,22.13,66.00,0.91

2/16/2023 05:48,22.18,66.00,0.91

2/16/2023 06:03,22.23,66.00,0.91

2/16/2023 06:18,22.37,65.00,0.95

2/16/2023 06:33,22.37,65.00,0.95

2/16/2023 06:48,22.37,65.00,0.95

2/16/2023 07:03,22.64,64.00,0.99

2/16/2023 07:18,23.03,63.00,1.04

2/16/2023 07:33,23.02,63.00,1.04

2/16/2023 07:48,23.12,63.00,1.05

2/16/2023 08:03,23.13,63.00,1.05

2/16/2023 08:18,23.13,63.00,1.05

2/16/2023 08:33,23.22,63.00,1.05

2/16/2023 08:48,23.39,62.00,1.09

2/16/2023 09:03,23.73,61.00,1.14

2/16/2023 09:18,23.84,61.00,1.15

2/16/2023 09:33,23.89,61.00,1.16

2/16/2023 09:48,23.97,60.00,1.19

2/16/2023 10:03,23.96,60.00,1.19

2/16/2023 10:18,23.98,60.00,1.19

2/16/2023 10:33,23.98,60.00,1.19

2/16/2023 10:48,23.96,60.00,1.19

2/16/2023 11:03,24.03,60.00,1.20

2/16/2023 11:18,24.03,60.00,1.20

2/16/2023 11:33,23.98,60.00,1.19

2/16/2023 11:48,24.03,60.00,1.20

2/16/2023 12:03,24.05,59.00,1.23

2/16/2023 12:18,24.11,59.00,1.23

2/16/2023 12:33,24.04,59.00,1.23

2/16/2023 12:48,23.97,59.00,1.22

2/16/2023 13:03,24.01,59.00,1.22

2/16/2023 13:18,24.01,59.00,1.22

2/16/2023 13:33,24.08,59.00,1.23

2/16/2023 13:48,24.01,59.00,1.22

2/16/2023 14:03,23.93,59.00,1.22

2/16/2023 14:18,23.84,59.00,1.21

2/16/2023 14:33,23.78,60.00,1.18

2/16/2023 14:48,23.80,60.00,1.18

2/16/2023 15:03,23.84,59.00,1.21

2/16/2023 15:18,23.91,59.00,1.22

2/16/2023 15:33,23.94,59.00,1.22

2/16/2023 15:48,23.94,59.00,1.22

2/16/2023 16:03,23.91,59.00,1.22

2/16/2023 16:18,23.93,59.00,1.22

2/16/2023 16:33,23.87,60.00,1.18

2/16/2023 16:48,23.84,60.00,1.18

2/16/2023 17:03,23.81,60.00,1.18

2/16/2023 17:18,23.73,60.00,1.17

2/16/2023 17:33,23.67,60.00,1.17

2/16/2023 17:48,23.64,60.00,1.17

2/16/2023 18:03,23.61,60.00,1.17

2/16/2023 18:18,23.56,61.00,1.13

2/16/2023 18:33,23.56,61.00,1.13

2/16/2023 18:48,23.53,61.00,1.13

2/16/2023 19:03,23.50,61.00,1.13

2/16/2023 19:18,23.40,61.00,1.12

2/16/2023 19:33,23.33,61.00,1.12

2/16/2023 19:48,23.25,62.00,1.08

2/16/2023 20:03,23.22,62.00,1.08

2/16/2023 20:18,23.16,62.00,1.08

2/16/2023 20:33,23.20,62.00,1.08

2/16/2023 20:48,23.17,62.00,1.08

2/16/2023 21:03,23.17,62.00,1.08

2/16/2023 21:18,23.16,62.00,1.08

2/16/2023 21:33,23.17,62.00,1.08

2/16/2023 21:48,23.12,63.00,1.05

2/16/2023 22:03,23.09,63.00,1.05

2/16/2023 22:18,23.09,63.00,1.05

2/16/2023 22:33,23.09,63.00,1.05

2/16/2023 22:48,23.05,63.00,1.04

2/16/2023 23:03,23.06,63.00,1.04

2/16/2023 23:18,22.91,64.00,1.01

2/16/2023 23:33,22.75,65.00,0.97

2/16/2023 23:48,22.69,65.00,0.96

2/17/2023 00:03,22.56,65.00,0.96

2/17/2023 00:18,22.50,65.00,0.95

2/17/2023 00:33,22.58,65.00,0.96

2/17/2023 00:48,22.55,65.00,0.96

2/17/2023 01:03,22.50,65.00,0.95

2/17/2023 01:18,22.48,65.00,0.95

2/17/2023 01:33,22.43,65.00,0.95

2/17/2023 01:48,22.48,65.00,0.95

2/17/2023 02:03,22.40,65.00,0.95

2/17/2023 02:18,22.43,65.00,0.95

2/17/2023 02:33,22.47,65.00,0.95

2/17/2023 02:48,22.38,65.00,0.95

2/17/2023 03:03,22.44,65.00,0.95

2/17/2023 03:18,22.40,65.00,0.95

2/17/2023 03:33,22.41,65.00,0.95

2/17/2023 03:48,22.35,65.00,0.95

2/17/2023 04:03,22.33,65.00,0.94

2/17/2023 04:18,22.27,65.00,0.94

2/17/2023 04:33,22.30,65.00,0.94

2/17/2023 04:48,22.28,65.00,0.94

2/17/2023 05:03,22.28,65.00,0.94

2/17/2023 05:18,22.35,65.00,0.95

2/17/2023 05:33,22.35,65.00,0.95

2/17/2023 05:48,22.35,65.00,0.95

2/17/2023 06:03,22.38,65.00,0.95

2/17/2023 06:18,22.50,64.00,0.98

2/17/2023 06:33,22.51,64.00,0.98

2/17/2023 06:48,22.55,64.00,0.98

2/17/2023 07:03,22.61,64.00,0.99

2/17/2023 07:18,22.66,64.00,0.99

2/17/2023 07:33,22.74,64.00,1.00

2/17/2023 07:48,22.85,63.00,1.03

2/17/2023 08:03,22.88,63.00,1.03

2/17/2023 08:18,22.99,63.00,1.04

2/17/2023 08:33,23.07,63.00,1.04

2/17/2023 08:48,23.02,63.00,1.04

2/17/2023 09:03,23.06,63.00,1.04

2/17/2023 09:18,23.20,62.00,1.08

2/17/2023 09:33,23.30,62.00,1.09

2/17/2023 09:48,23.33,62.00,1.09

2/17/2023 10:03,23.33,62.00,1.09

2/17/2023 10:18,23.47,62.00,1.10

2/17/2023 10:33,23.53,61.00,1.13

2/17/2023 10:48,23.57,61.00,1.13

2/17/2023 11:03,23.49,61.00,1.13

2/17/2023 11:18,23.42,62.00,1.09

2/17/2023 11:33,23.40,62.00,1.09

2/17/2023 11:48,23.43,62.00,1.10

2/17/2023 12:03,23.43,62.00,1.10

2/17/2023 12:18,23.37,62.00,1.09

2/17/2023 12:33,23.36,62.00,1.09

2/17/2023 12:48,23.39,61.00,1.12

2/17/2023 13:03,23.49,61.00,1.13

2/17/2023 13:18,23.46,61.00,1.13

2/17/2023 13:33,23.46,61.00,1.13

2/17/2023 13:48,23.46,61.00,1.13

2/17/2023 14:03,23.46,61.00,1.13

2/17/2023 14:18,23.45,61.00,1.13

2/17/2023 14:33,23.45,61.00,1.13

2/17/2023 14:48,23.50,61.00,1.13

2/17/2023 15:03,23.53,61.00,1.13

2/17/2023 15:18,23.60,61.00,1.14

2/17/2023 15:33,23.57,61.00,1.13

2/17/2023 15:48,23.53,61.00,1.13

2/17/2023 16:03,23.52,61.00,1.13

2/17/2023 16:18,23.49,62.00,1.10

2/17/2023 16:33,23.39,62.00,1.09

2/17/2023 16:48,23.39,62.00,1.09

2/17/2023 17:03,23.34,62.00,1.09

2/17/2023 17:18,23.30,62.00,1.09

2/17/2023 17:33,23.19,62.00,1.08

2/17/2023 17:48,23.16,62.00,1.08

2/17/2023 18:03,23.09,62.00,1.07

2/17/2023 18:18,23.06,62.00,1.07

2/17/2023 18:33,23.03,62.00,1.07

2/17/2023 18:48,23.01,62.00,1.07

2/17/2023 19:03,22.94,62.00,1.06

2/17/2023 19:18,22.88,62.00,1.06

2/17/2023 19:33,22.85,63.00,1.03

2/17/2023 19:48,22.80,63.00,1.03

2/17/2023 20:03,22.76,63.00,1.02

2/17/2023 20:18,22.76,63.00,1.02

2/17/2023 20:33,22.75,63.00,1.02

2/17/2023 20:48,22.69,63.00,1.02

2/17/2023 21:03,22.69,63.00,1.02

2/17/2023 21:18,22.69,63.00,1.02

2/17/2023 21:33,22.66,63.00,1.02

2/17/2023 21:48,22.64,63.00,1.02

2/17/2023 22:03,22.62,63.00,1.02

2/17/2023 22:18,22.65,63.00,1.02

2/17/2023 22:33,22.62,63.00,1.02

2/17/2023 22:48,22.58,64.00,0.99

2/17/2023 23:03,22.55,64.00,0.98

2/17/2023 23:18,22.55,64.00,0.98

2/17/2023 23:33,22.55,64.00,0.98

2/17/2023 23:48,22.52,64.00,0.98

2/18/2023 00:03,22.48,64.00,0.98

2/18/2023 00:18,22.48,64.00,0.98

2/18/2023 00:33,22.44,64.00,0.98

2/18/2023 00:48,22.41,64.00,0.98

2/18/2023 01:03,22.44,64.00,0.98

2/18/2023 01:18,22.43,64.00,0.98

2/18/2023 01:33,22.40,64.00,0.98

2/18/2023 01:48,22.37,65.00,0.95

2/18/2023 02:03,22.35,65.00,0.95

2/18/2023 02:18,22.34,65.00,0.94

2/18/2023 02:33,22.33,65.00,0.94

2/18/2023 02:48,22.28,65.00,0.94

2/18/2023 03:03,22.28,65.00,0.94

2/18/2023 03:18,22.28,65.00,0.94

2/18/2023 03:33,22.28,65.00,0.94

2/18/2023 03:48,22.24,65.00,0.94

2/18/2023 04:03,22.23,65.00,0.94

2/18/2023 04:18,22.23,65.00,0.94

2/18/2023 04:33,22.18,65.00,0.94

2/18/2023 04:48,22.20,65.00,0.94

2/18/2023 05:03,22.18,65.00,0.94

2/18/2023 05:18,22.11,65.00,0.93

2/18/2023 05:33,22.14,65.00,0.93

2/18/2023 05:48,22.17,65.00,0.93

2/18/2023 06:03,22.17,65.00,0.93

2/18/2023 06:18,22.14,65.00,0.93

2/18/2023 06:33,22.15,65.00,0.93

2/18/2023 06:48,22.17,65.00,0.93

2/18/2023 07:03,22.15,65.00,0.93

2/18/2023 07:18,22.18,65.00,0.94

2/18/2023 07:33,22.27,65.00,0.94

2/18/2023 07:48,22.31,65.00,0.94

2/18/2023 08:03,22.33,65.00,0.94

2/18/2023 08:18,22.34,65.00,0.94

2/18/2023 08:33,22.40,64.00,0.98

2/18/2023 08:48,22.47,64.00,0.98

2/18/2023 09:03,22.51,64.00,0.98

2/18/2023 09:18,22.56,64.00,0.98

2/18/2023 09:33,22.54,64.00,0.98

2/18/2023 09:48,22.48,64.00,0.98

2/18/2023 10:03,22.48,64.00,0.98

2/18/2023 10:18,22.50,64.00,0.98

2/18/2023 10:33,22.48,64.00,0.98

2/18/2023 10:48,22.43,65.00,0.95

2/18/2023 11:03,22.44,65.00,0.95

2/18/2023 11:18,22.47,65.00,0.95

2/18/2023 11:33,22.55,64.00,0.98

2/18/2023 11:48,22.61,64.00,0.99

2/18/2023 12:03,22.65,64.00,0.99

2/18/2023 12:18,22.62,64.00,0.99

2/18/2023 12:33,22.58,65.00,0.96

2/18/2023 12:48,22.58,65.00,0.96

2/18/2023 13:03,22.64,65.00,0.96

2/18/2023 13:18,22.74,64.00,1.00

2/18/2023 13:33,22.71,65.00,0.97

2/18/2023 13:48,22.68,65.00,0.96

2/18/2023 14:03,22.69,65.00,0.96

2/18/2023 14:18,22.80,65.00,0.97

2/18/2023 14:33,22.84,65.00,0.97

2/18/2023 14:48,22.86,65.00,0.97

2/18/2023 15:03,22.86,65.00,0.97

2/18/2023 15:18,22.86,65.00,0.97

2/18/2023 15:33,22.84,65.00,0.97

2/18/2023 15:48,22.88,65.00,0.98

2/18/2023 16:03,22.84,65.00,0.97

2/18/2023 16:18,22.79,65.00,0.97

2/18/2023 16:33,22.75,65.00,0.97

2/18/2023 16:48,22.69,65.00,0.96

2/18/2023 17:03,22.65,65.00,0.96

2/18/2023 17:18,22.58,66.00,0.93

2/18/2023 17:33,22.52,66.00,0.93

2/18/2023 17:48,22.45,66.00,0.92

2/18/2023 18:03,22.45,66.00,0.92

2/18/2023 18:18,22.43,66.00,0.92

2/18/2023 18:33,22.43,66.00,0.92

2/18/2023 18:48,22.41,66.00,0.92

2/18/2023 19:03,22.35,66.00,0.92

2/18/2023 19:18,22.33,66.00,0.92

2/18/2023 19:33,22.25,67.00,0.89

2/18/2023 19:48,22.24,67.00,0.89

2/18/2023 20:03,22.21,67.00,0.88

2/18/2023 20:18,22.20,67.00,0.88

2/18/2023 20:33,22.13,67.00,0.88

2/18/2023 20:48,22.11,67.00,0.88

2/18/2023 21:03,22.11,67.00,0.88

2/18/2023 21:18,22.08,67.00,0.88

2/18/2023 21:33,22.06,67.00,0.88

2/18/2023 21:48,22.01,67.00,0.87

2/18/2023 22:03,21.97,68.00,0.84

2/18/2023 22:18,21.87,68.00,0.84

2/18/2023 22:33,21.92,68.00,0.84

2/18/2023 22:48,21.83,68.00,0.84

2/18/2023 23:03,21.82,68.00,0.84

2/18/2023 23:18,21.79,68.00,0.84

2/18/2023 23:33,21.70,69.00,0.80

2/18/2023 23:48,21.60,69.00,0.80

2/19/2023 00:03,21.66,69.00,0.80

2/19/2023 00:18,21.56,69.00,0.80

2/19/2023 00:33,21.55,69.00,0.80

2/19/2023 00:48,21.56,69.00,0.80

2/19/2023 01:03,21.53,69.00,0.80

2/19/2023 01:18,21.53,69.00,0.80

2/19/2023 01:33,21.50,69.00,0.79

2/19/2023 01:48,21.53,69.00,0.80

2/19/2023 02:03,21.57,69.00,0.80

2/19/2023 02:18,21.53,69.00,0.80

2/19/2023 02:33,21.59,69.00,0.80

2/19/2023 02:48,21.56,69.00,0.80

2/19/2023 03:03,21.57,68.00,0.82

2/19/2023 03:18,21.55,68.00,0.82

2/19/2023 03:33,21.52,69.00,0.80

2/19/2023 03:48,21.49,69.00,0.79

2/19/2023 04:03,21.52,68.00,0.82

2/19/2023 04:18,21.45,69.00,0.79

2/19/2023 04:33,21.49,69.00,0.79

2/19/2023 04:48,21.48,69.00,0.79

2/19/2023 05:03,21.49,68.00,0.82

2/19/2023 05:18,21.56,68.00,0.82

2/19/2023 05:33,21.56,68.00,0.82

2/19/2023 05:48,21.60,68.00,0.83

2/19/2023 06:03,21.57,68.00,0.82

2/19/2023 06:18,21.60,68.00,0.83

2/19/2023 06:33,21.59,68.00,0.83

2/19/2023 06:48,21.73,68.00,0.83

2/19/2023 07:03,21.77,68.00,0.83

2/19/2023 07:18,21.82,67.00,0.86

2/19/2023 07:33,21.90,67.00,0.87

2/19/2023 07:48,22.04,67.00,0.87

2/19/2023 08:03,22.13,67.00,0.88

2/19/2023 08:18,22.27,66.00,0.91

2/19/2023 08:33,22.59,65.00,0.96

2/19/2023 08:48,22.78,65.00,0.97

2/19/2023 09:03,23.05,64.00,1.01

2/19/2023 09:18,22.94,65.00,0.98

2/19/2023 09:33,22.86,65.00,0.97

2/19/2023 09:48,22.95,65.00,0.98

2/19/2023 10:03,22.96,65.00,0.98

2/19/2023 10:18,22.94,65.00,0.98

2/19/2023 10:33,22.89,65.00,0.98

2/19/2023 10:48,22.89,65.00,0.98

2/19/2023 11:03,22.98,65.00,0.98

2/19/2023 11:18,23.03,65.00,0.99

2/19/2023 11:33,23.10,64.00,1.02

2/19/2023 11:48,23.13,64.00,1.02

2/19/2023 12:03,23.17,64.00,1.02

2/19/2023 12:18,23.25,64.00,1.03

2/19/2023 12:33,23.33,64.00,1.03

2/19/2023 12:48,23.42,64.00,1.04

2/19/2023 13:03,23.52,63.00,1.07

2/19/2023 13:18,23.61,63.00,1.08

2/19/2023 13:33,23.66,63.00,1.08

2/19/2023 13:48,23.64,63.00,1.08

2/19/2023 14:03,23.73,63.00,1.09

2/19/2023 14:18,23.76,63.00,1.09

2/19/2023 14:33,23.93,63.00,1.10

2/19/2023 14:48,23.98,62.00,1.13

2/19/2023 15:03,23.85,63.00,1.09

2/19/2023 15:18,23.78,63.00,1.09

2/19/2023 15:33,23.93,62.00,1.13

2/19/2023 15:48,24.11,62.00,1.14

2/19/2023 16:03,24.15,62.00,1.14

2/19/2023 16:18,24.18,62.00,1.15

2/19/2023 16:33,24.12,62.00,1.14

2/19/2023 16:48,24.22,62.00,1.15

2/19/2023 17:03,23.97,62.00,1.13

2/19/2023 17:18,23.76,63.00,1.09

2/19/2023 17:33,23.54,63.00,1.07

2/19/2023 17:48,23.49,64.00,1.04

2/19/2023 18:03,23.42,64.00,1.04

2/19/2023 18:18,23.29,64.00,1.03

2/19/2023 18:33,23.17,64.00,1.02

2/19/2023 18:48,23.12,65.00,0.99

2/19/2023 19:03,23.07,65.00,0.99

2/19/2023 19:18,23.03,65.00,0.99

2/19/2023 19:33,23.01,65.00,0.98

2/19/2023 19:48,22.96,65.00,0.98

2/19/2023 20:03,22.94,65.00,0.98

2/19/2023 20:18,22.92,65.00,0.98

2/19/2023 20:33,22.92,65.00,0.98

2/19/2023 20:48,22.88,65.00,0.98

2/19/2023 21:03,22.85,66.00,0.95

2/19/2023 21:18,22.79,66.00,0.94

2/19/2023 21:33,22.75,66.00,0.94

2/19/2023 21:48,22.74,66.00,0.94

2/19/2023 22:03,22.69,66.00,0.94

2/19/2023 22:18,22.64,66.00,0.93

2/19/2023 22:33,22.59,66.00,0.93

2/19/2023 22:48,22.52,66.00,0.93

2/19/2023 23:03,22.48,66.00,0.93

2/19/2023 23:18,22.44,66.00,0.92

2/19/2023 23:33,22.41,66.00,0.92

2/19/2023 23:48,22.35,65.00,0.95

2/20/2023 00:03,22.35,65.00,0.95

2/20/2023 00:18,22.38,65.00,0.95

2/20/2023 00:33,22.43,65.00,0.95

2/20/2023 00:48,22.44,65.00,0.95

2/20/2023 01:03,22.45,65.00,0.95

2/20/2023 01:18,22.48,65.00,0.95

2/20/2023 01:33,22.45,65.00,0.95

2/20/2023 01:48,22.41,65.00,0.95

2/20/2023 02:03,22.41,65.00,0.95

2/20/2023 02:18,22.37,65.00,0.95

2/20/2023 02:33,22.35,65.00,0.95

2/20/2023 02:48,22.35,65.00,0.95

2/20/2023 03:03,22.34,65.00,0.94

2/20/2023 03:18,22.34,65.00,0.94

2/20/2023 03:33,22.30,65.00,0.94

2/20/2023 03:48,22.28,65.00,0.94

2/20/2023 04:03,22.25,65.00,0.94

2/20/2023 04:18,22.24,65.00,0.94

2/20/2023 04:33,22.23,65.00,0.94

2/20/2023 04:48,22.21,65.00,0.94

2/20/2023 05:03,22.21,65.00,0.94

2/20/2023 05:18,22.14,66.00,0.91

2/20/2023 05:33,22.18,65.00,0.94

2/20/2023 05:48,22.35,65.00,0.95

2/20/2023 06:03,22.31,65.00,0.94

2/20/2023 06:18,22.31,65.00,0.94

2/20/2023 06:33,22.27,65.00,0.94

2/20/2023 06:48,22.28,65.00,0.94

2/20/2023 07:03,22.34,65.00,0.94

2/20/2023 07:18,22.37,65.00,0.95

2/20/2023 07:33,22.48,65.00,0.95

2/20/2023 07:48,22.82,64.00,1.00

2/20/2023 08:03,22.78,65.00,0.97

2/20/2023 08:18,23.52,64.00,1.04

2/20/2023 08:33,23.43,64.00,1.04

2/20/2023 08:48,24.35,62.00,1.16

2/20/2023 09:03,23.78,64.00,1.06

2/20/2023 09:18,23.66,65.00,1.02

2/20/2023 09:33,23.63,65.00,1.02

2/20/2023 09:48,23.83,64.00,1.06

2/20/2023 10:03,23.94,64.00,1.07

2/20/2023 10:18,23.97,64.00,1.07

2/20/2023 10:33,24.03,64.00,1.08

2/20/2023 10:48,24.03,64.00,1.08

2/20/2023 11:03,23.94,64.00,1.07

2/20/2023 11:18,23.88,64.00,1.07

2/20/2023 11:33,23.87,64.00,1.07

2/20/2023 11:48,23.84,64.00,1.06

2/20/2023 12:03,23.84,63.00,1.09

2/20/2023 12:18,24.21,64.00,1.09

2/20/2023 12:33,24.22,66.00,1.03

2/20/2023 12:48,24.32,64.00,1.09

2/20/2023 13:03,24.49,63.00,1.14

2/20/2023 13:18,24.45,64.00,1.10

2/20/2023 13:33,24.28,68.00,0.97

2/20/2023 13:48,23.66,68.00,0.94

2/20/2023 14:03,23.12,71.00,0.82

2/20/2023 14:18,22.95,72.00,0.78

2/20/2023 14:33,22.91,70.00,0.84

2/20/2023 14:48,22.99,68.00,0.90

2/20/2023 15:03,23.16,67.00,0.94

2/20/2023 15:18,23.19,69.00,0.88

2/20/2023 15:33,23.25,68.00,0.91

2/20/2023 15:48,23.32,69.00,0.89

2/20/2023 16:03,23.33,72.00,0.80

2/20/2023 16:18,23.42,70.00,0.86

2/20/2023 16:33,23.50,70.00,0.87

2/20/2023 16:48,23.52,71.00,0.84

2/20/2023 17:03,23.97,67.00,0.98

2/20/2023 17:18,24.28,66.00,1.03

2/20/2023 17:33,24.43,68.00,0.98

2/20/2023 17:48,24.32,66.00,1.03

2/20/2023 18:03,24.04,67.00,0.99

2/20/2023 18:18,23.60,72.00,0.82

2/20/2023 18:33,23.42,71.00,0.84

2/20/2023 18:48,23.29,72.00,0.80

2/20/2023 19:03,23.22,73.00,0.77

2/20/2023 19:18,23.13,72.00,0.79

2/20/2023 19:33,23.05,73.00,0.76

2/20/2023 19:48,23.05,71.00,0.82

2/20/2023 20:03,22.91,72.00,0.78

2/20/2023 20:18,22.78,71.00,0.80

2/20/2023 20:33,22.75,73.00,0.75

2/20/2023 20:48,22.71,72.00,0.77

2/20/2023 21:03,22.68,72.00,0.77

2/20/2023 21:18,22.65,72.00,0.77

2/20/2023 21:33,22.62,72.00,0.77

2/20/2023 21:48,22.58,71.00,0.79

2/20/2023 22:03,22.59,71.00,0.79

2/20/2023 22:18,22.52,71.00,0.79

2/20/2023 22:33,22.50,71.00,0.79

2/20/2023 22:48,22.43,70.00,0.81

2/20/2023 23:03,22.40,70.00,0.81

2/20/2023 23:18,22.38,70.00,0.81

2/20/2023 23:33,22.34,70.00,0.81

2/20/2023 23:48,22.34,70.00,0.81

2/21/2023 00:03,22.34,69.00,0.84

2/21/2023 00:18,22.30,69.00,0.83

2/21/2023 00:33,22.25,69.00,0.83

2/21/2023 00:48,22.23,70.00,0.80

2/21/2023 01:03,22.17,69.00,0.83

2/21/2023 01:18,22.14,70.00,0.80

2/21/2023 01:33,22.08,70.00,0.80

2/21/2023 01:48,22.00,70.00,0.79

2/21/2023 02:03,21.93,70.00,0.79

2/21/2023 02:18,21.87,70.00,0.79

2/21/2023 02:33,21.80,70.00,0.78

2/21/2023 02:48,21.74,70.00,0.78

2/21/2023 03:03,21.64,70.00,0.78

2/21/2023 03:18,21.57,71.00,0.75

2/21/2023 03:33,21.48,70.00,0.77

2/21/2023 03:48,21.42,71.00,0.74

2/21/2023 04:03,21.39,71.00,0.74

2/21/2023 04:18,21.45,69.00,0.79

2/21/2023 04:33,21.48,69.00,0.79

2/21/2023 04:48,21.48,69.00,0.79

2/21/2023 05:03,21.49,67.00,0.85

2/21/2023 05:18,21.48,67.00,0.85

2/21/2023 05:33,22.00,67.00,0.87

2/21/2023 05:48,21.86,65.00,0.92

2/21/2023 06:03,22.45,64.00,0.98

2/21/2023 06:18,22.94,61.00,1.09

2/21/2023 06:33,23.30,60.00,1.14

2/21/2023 06:48,23.56,59.00,1.19

2/21/2023 07:03,23.78,59.00,1.21

2/21/2023 07:18,24.04,58.00,1.26

2/21/2023 07:33,24.25,58.00,1.27

2/21/2023 07:48,24.47,57.00,1.32

2/21/2023 08:03,24.35,56.00,1.34

2/21/2023 08:18,24.29,56.00,1.34

2/21/2023 08:33,24.39,55.00,1.37

2/21/2023 08:48,24.40,55.00,1.38

2/21/2023 09:03,24.35,54.00,1.40

2/21/2023 09:18,24.38,54.00,1.40

2/21/2023 09:33,24.43,54.00,1.41

2/21/2023 09:48,24.47,53.00,1.44

2/21/2023 10:03,24.39,54.00,1.40

2/21/2023 10:18,24.35,53.00,1.43

2/21/2023 10:33,24.21,53.00,1.42

2/21/2023 10:48,24.14,53.00,1.41

2/21/2023 11:03,23.40,41.00,1.70

2/21/2023 11:18,23.29,39.00,1.74

2/21/2023 11:33,23.19,37.00,1.79

2/21/2023 11:48,23.15,36.00,1.81

2/21/2023 12:03,23.17,36.00,1.82

2/21/2023 12:18,23.17,34.00,1.87

2/21/2023 12:33,23.19,34.00,1.88

2/21/2023 12:48,23.30,33.00,1.92

2/21/2023 13:03,23.40,32.00,1.96

2/21/2023 13:18,23.58,32.00,1.98

2/21/2023 13:33,23.78,32.00,2.00

2/21/2023 13:48,23.94,31.00,2.05

2/21/2023 14:03,24.14,31.00,2.08

2/21/2023 14:18,24.31,31.00,2.10

2/21/2023 14:33,24.54,30.00,2.16

2/21/2023 14:48,24.73,30.00,2.18

2/21/2023 15:03,24.93,30.00,2.21

2/21/2023 15:18,25.10,29.00,2.26

2/21/2023 15:33,25.27,29.00,2.29

2/21/2023 15:48,25.51,29.00,2.32

2/21/2023 16:03,25.60,29.00,2.33

2/21/2023 16:18,25.67,29.00,2.34

2/21/2023 16:33,25.89,28.00,2.40

2/21/2023 16:48,25.88,28.00,2.40

2/21/2023 17:03,25.99,28.00,2.42

2/21/2023 17:18,26.05,28.00,2.43

2/21/2023 17:33,26.15,28.00,2.44

2/21/2023 17:48,25.82,29.00,2.36

2/21/2023 18:03,25.40,30.00,2.27

2/21/2023 18:18,24.93,31.00,2.18

2/21/2023 18:33,24.59,31.00,2.13

2/21/2023 18:48,24.36,32.00,2.07

2/21/2023 19:03,24.21,32.00,2.05

2/21/2023 19:18,24.11,32.00,2.04

2/21/2023 19:33,24.00,33.00,2.00

2/21/2023 19:48,23.94,33.00,1.99

2/21/2023 20:03,23.77,33.00,1.97

2/21/2023 20:18,23.66,34.00,1.93

2/21/2023 20:33,23.57,34.00,1.92

2/21/2023 20:48,23.56,34.00,1.92

2/21/2023 21:03,23.49,35.00,1.88

2/21/2023 21:18,23.42,35.00,1.87

2/21/2023 21:33,23.37,35.00,1.87

2/21/2023 21:48,23.32,36.00,1.83

2/21/2023 22:03,23.27,36.00,1.83

2/21/2023 22:18,23.25,36.00,1.83

2/21/2023 22:33,23.19,36.00,1.82

2/21/2023 22:48,23.10,36.00,1.81

2/21/2023 23:03,23.10,37.00,1.78

2/21/2023 23:18,23.07,37.00,1.78

2/21/2023 23:33,23.05,37.00,1.78

2/21/2023 23:48,22.99,37.00,1.77

2/22/2023 00:03,22.98,37.00,1.77

2/22/2023 00:18,22.95,37.00,1.76

2/22/2023 00:33,22.91,37.00,1.76

2/22/2023 00:48,22.91,37.00,1.76

2/22/2023 01:03,22.85,37.00,1.75

2/22/2023 01:18,22.79,37.00,1.75

2/22/2023 01:33,22.75,37.00,1.74

2/22/2023 01:48,22.69,37.00,1.74

2/22/2023 02:03,22.54,37.00,1.72

2/22/2023 02:18,22.34,39.00,1.65

2/22/2023 02:33,22.31,39.00,1.64

2/22/2023 02:48,22.15,41.00,1.57

2/22/2023 03:03,22.06,42.00,1.54

2/22/2023 03:18,21.74,46.00,1.41

2/22/2023 03:33,21.77,48.00,1.36

2/22/2023 03:48,21.67,50.00,1.30

2/22/2023 04:03,21.89,50.00,1.31

2/22/2023 04:18,21.96,50.00,1.32

2/22/2023 04:33,22.08,52.00,1.28

2/22/2023 04:48,22.13,52.00,1.28

2/22/2023 05:03,22.14,53.00,1.25

2/22/2023 05:18,22.14,53.00,1.25

2/22/2023 05:33,22.23,54.00,1.23

2/22/2023 05:48,22.40,53.00,1.27

2/22/2023 06:03,22.58,53.00,1.29

2/22/2023 06:18,22.68,52.00,1.32

2/22/2023 06:33,22.72,52.00,1.33

2/22/2023 06:48,22.95,51.00,1.37

2/22/2023 07:03,23.12,52.00,1.36

2/22/2023 07:18,23.13,52.00,1.36

2/22/2023 07:33,23.27,52.00,1.37

2/22/2023 07:48,23.43,52.00,1.38

2/22/2023 08:03,23.60,52.00,1.40

2/22/2023 08:18,23.70,53.00,1.38

2/22/2023 08:33,24.00,52.00,1.43

2/22/2023 08:48,24.38,52.00,1.47

2/22/2023 09:03,24.38,52.00,1.47

2/22/2023 09:18,24.38,52.00,1.47

2/22/2023 09:33,24.42,52.00,1.47

2/22/2023 09:48,24.48,52.00,1.47

2/22/2023 10:03,24.47,51.00,1.50

2/22/2023 10:18,24.40,51.00,1.50

2/22/2023 10:33,24.48,52.00,1.47

2/22/2023 10:48,24.51,52.00,1.48

2/22/2023 11:03,24.48,53.00,1.44

2/22/2023 11:18,24.00,53.00,1.40

2/22/2023 11:33,24.49,53.00,1.44

2/22/2023 11:48,24.52,54.00,1.42

2/22/2023 12:03,24.40,54.00,1.41

2/22/2023 12:18,24.48,54.00,1.41

2/22/2023 12:33,24.22,48.00,1.57

2/22/2023 12:48,24.22,48.00,1.57

2/22/2023 13:03,24.17,48.00,1.57

2/22/2023 13:18,24.17,48.00,1.57

2/22/2023 13:33,24.25,48.00,1.57

2/22/2023 13:48,24.36,48.00,1.59

2/22/2023 14:03,24.55,47.00,1.63

2/22/2023 14:18,24.79,47.00,1.66

2/22/2023 14:33,24.97,46.00,1.71

2/22/2023 14:48,25.06,46.00,1.72

2/22/2023 15:03,25.27,46.00,1.74

2/22/2023 15:18,25.45,46.00,1.76

2/22/2023 15:33,25.57,46.00,1.77

2/22/2023 15:48,25.70,45.00,1.82

2/22/2023 16:03,25.77,46.00,1.79

2/22/2023 16:18,25.82,45.00,1.83

2/22/2023 16:33,25.72,46.00,1.79

2/22/2023 16:48,25.47,46.00,1.76

2/22/2023 17:03,25.30,46.00,1.74

2/22/2023 17:18,25.30,46.00,1.74

2/22/2023 17:33,25.13,47.00,1.69

2/22/2023 17:48,24.93,47.00,1.67

2/22/2023 18:03,24.69,48.00,1.62

2/22/2023 18:18,24.51,48.00,1.60

2/22/2023 18:33,24.39,48.00,1.59

2/22/2023 18:48,24.31,48.00,1.58

2/22/2023 19:03,24.24,49.00,1.54

2/22/2023 19:18,24.18,49.00,1.54

2/22/2023 19:33,24.14,49.00,1.53

2/22/2023 19:48,24.11,49.00,1.53

2/22/2023 20:03,24.04,49.00,1.53

2/22/2023 20:18,24.03,49.00,1.52

2/22/2023 20:33,24.01,49.00,1.52

2/22/2023 20:48,24.00,49.00,1.52

2/22/2023 21:03,23.94,49.00,1.52

2/22/2023 21:18,23.93,49.00,1.52

2/22/2023 21:33,23.93,49.00,1.52

2/22/2023 21:48,23.88,50.00,1.48

2/22/2023 22:03,23.87,50.00,1.48

2/22/2023 22:18,23.85,50.00,1.48

2/22/2023 22:33,23.84,50.00,1.48

2/22/2023 22:48,23.78,50.00,1.47

2/22/2023 23:03,23.74,50.00,1.47

2/22/2023 23:18,23.70,50.00,1.47

2/22/2023 23:33,23.68,51.00,1.43

2/22/2023 23:48,23.68,52.00,1.40

2/23/2023 00:03,23.61,52.00,1.40

2/23/2023 00:18,23.58,54.00,1.34

2/23/2023 00:33,23.56,54.00,1.34

2/23/2023 00:48,23.57,55.00,1.31

2/23/2023 01:03,23.54,55.00,1.31

2/23/2023 01:18,23.52,56.00,1.28

2/23/2023 01:33,23.47,56.00,1.27

2/23/2023 01:48,23.46,55.00,1.30

2/23/2023 02:03,23.45,55.00,1.30

2/23/2023 02:18,23.39,55.00,1.29

2/23/2023 02:33,23.37,55.00,1.29

2/23/2023 02:48,23.33,56.00,1.26

2/23/2023 03:03,23.29,56.00,1.26

2/23/2023 03:18,23.27,56.00,1.26

2/23/2023 03:33,23.20,56.00,1.25

2/23/2023 03:48,23.16,57.00,1.22

2/23/2023 04:03,23.17,56.00,1.25

2/23/2023 04:18,23.16,56.00,1.25

2/23/2023 04:33,23.16,57.00,1.22

2/23/2023 04:48,23.15,57.00,1.22

2/23/2023 05:03,23.15,57.00,1.22

2/23/2023 05:18,23.10,58.00,1.19

2/23/2023 05:33,23.09,58.00,1.19

2/23/2023 05:48,23.36,57.00,1.23

2/23/2023 06:03,23.78,56.00,1.30

2/23/2023 06:18,24.14,56.00,1.32

2/23/2023 06:33,24.48,55.00,1.38

2/23/2023 06:48,24.55,55.00,1.39

2/23/2023 07:03,24.54,52.00,1.48

2/23/2023 07:18,24.75,50.00,1.56

2/23/2023 07:33,24.90,50.00,1.57

2/23/2023 07:48,25.07,49.00,1.62

2/23/2023 08:03,25.16,49.00,1.63

2/23/2023 08:18,25.23,49.00,1.64

2/23/2023 08:33,25.33,49.00,1.65

2/23/2023 08:48,25.41,49.00,1.66

2/23/2023 09:03,25.42,49.00,1.66

2/23/2023 09:18,25.47,49.00,1.66

2/23/2023 09:33,25.40,50.00,1.62

2/23/2023 09:48,25.38,50.00,1.62

2/23/2023 10:03,25.19,50.00,1.60

2/23/2023 10:18,25.16,51.00,1.57

2/23/2023 10:33,25.20,51.00,1.57

2/23/2023 10:48,25.02,51.00,1.55

2/23/2023 11:03,25.06,50.00,1.59

2/23/2023 11:18,24.99,49.00,1.61

2/23/2023 11:33,24.91,49.00,1.61

2/23/2023 11:48,24.85,48.00,1.63

2/23/2023 12:03,24.78,47.00,1.66

2/23/2023 12:18,24.76,47.00,1.65

2/23/2023 12:33,24.76,46.00,1.69

2/23/2023 12:48,24.79,46.00,1.69

2/23/2023 13:03,24.80,46.00,1.69

2/23/2023 13:18,24.85,45.00,1.73

2/23/2023 13:33,24.97,44.00,1.77

2/23/2023 13:48,25.16,44.00,1.79

2/23/2023 14:03,25.33,44.00,1.81

2/23/2023 14:18,25.45,43.00,1.85

2/23/2023 14:33,25.62,43.00,1.87

2/23/2023 14:48,25.80,42.00,1.93

2/23/2023 15:03,25.80,42.00,1.93

2/23/2023 15:18,25.91,41.00,1.97

2/23/2023 15:33,26.15,41.00,2.00

2/23/2023 15:48,26.30,40.00,2.05

2/23/2023 16:03,26.36,39.00,2.09

2/23/2023 16:18,26.59,39.00,2.12

2/23/2023 16:33,26.62,38.00,2.16

2/23/2023 16:48,26.66,38.00,2.17

2/23/2023 17:03,26.84,38.00,2.19

2/23/2023 17:18,26.84,37.00,2.22

2/23/2023 17:33,26.70,37.00,2.21

2/23/2023 17:48,26.52,37.00,2.18

2/23/2023 18:03,26.06,38.00,2.09

2/23/2023 18:18,25.71,38.00,2.05

2/23/2023 18:33,25.48,39.00,1.99

2/23/2023 18:48,25.29,39.00,1.97

2/23/2023 19:03,25.17,39.00,1.95

2/23/2023 19:18,25.09,39.00,1.94

2/23/2023 19:33,25.03,39.00,1.94

2/23/2023 19:48,24.97,40.00,1.90

2/23/2023 20:03,24.91,40.00,1.89

2/23/2023 20:18,24.87,40.00,1.89

2/23/2023 20:33,24.87,40.00,1.89

2/23/2023 20:48,24.83,41.00,1.85

2/23/2023 21:03,24.72,41.00,1.84

2/23/2023 21:18,24.70,42.00,1.80

2/23/2023 21:33,24.69,42.00,1.80

2/23/2023 21:48,24.70,42.00,1.80

2/23/2023 22:03,24.66,42.00,1.80

2/23/2023 22:18,24.60,43.00,1.76

2/23/2023 22:33,24.59,43.00,1.76

2/23/2023 22:48,24.54,43.00,1.76

2/23/2023 23:03,24.43,44.00,1.71

2/23/2023 23:18,24.42,44.00,1.71

2/23/2023 23:33,24.28,44.00,1.70

2/23/2023 23:48,24.27,44.00,1.70

2/24/2023 00:03,24.21,44.00,1.69

2/24/2023 00:18,24.15,45.00,1.66

2/24/2023 00:33,24.08,45.00,1.65

2/24/2023 00:48,24.04,45.00,1.64

2/24/2023 01:03,23.97,46.00,1.61

2/24/2023 01:18,23.98,46.00,1.61

2/24/2023 01:33,24.01,46.00,1.61

2/24/2023 01:48,24.01,46.00,1.61

2/24/2023 02:03,24.07,46.00,1.62

2/24/2023 02:18,23.97,46.00,1.61

2/24/2023 02:33,23.97,46.00,1.61

2/24/2023 02:48,23.96,46.00,1.61

2/24/2023 03:03,23.91,46.00,1.60

2/24/2023 03:18,23.83,47.00,1.57

2/24/2023 03:33,23.78,47.00,1.56

2/24/2023 03:48,23.84,47.00,1.57

2/24/2023 04:03,23.89,47.00,1.57

2/24/2023 04:18,23.93,47.00,1.57

2/24/2023 04:48,23.89,47.00,1.57

2/24/2023 05:03,23.89,47.00,1.57

2/24/2023 05:18,23.88,48.00,1.54

2/24/2023 05:33,23.88,48.00,1.54

2/24/2023 05:48,23.97,48.00,1.55

2/24/2023 06:03,24.36,47.00,1.62

2/24/2023 06:18,24.72,46.00,1.68

2/24/2023 06:33,25.05,46.00,1.72

2/24/2023 06:48,25.34,45.00,1.78

2/24/2023 07:03,25.62,45.00,1.81

2/24/2023 07:18,25.85,45.00,1.83

2/24/2023 07:33,26.05,44.00,1.89

2/24/2023 07:48,26.22,44.00,1.91

2/24/2023 08:03,26.33,44.00,1.92

2/24/2023 08:18,26.40,44.00,1.93

2/24/2023 08:33,26.44,44.00,1.93

2/24/2023 08:48,26.57,44.00,1.95

2/24/2023 09:03,26.63,44.00,1.95

2/24/2023 09:18,26.91,43.00,2.02

2/24/2023 09:33,26.43,45.00,1.90

2/24/2023 09:48,26.22,46.00,1.84

2/24/2023 10:03,26.18,46.00,1.83

2/24/2023 10:18,26.08,46.00,1.82

2/24/2023 10:33,26.05,46.00,1.82

2/24/2023 10:48,25.84,47.00,1.76

2/24/2023 11:03,25.78,47.00,1.76

2/24/2023 11:33,25.65,47.00,1.74

2/24/2023 11:48,25.50,47.00,1.73

2/24/2023 12:03,25.47,48.00,1.69

2/24/2023 12:18,25.45,48.00,1.69

2/24/2023 12:33,26.00,47.00,1.78

2/24/2023 12:48,25.45,48.00,1.69

2/24/2023 13:03,25.51,47.00,1.73

2/24/2023 13:18,25.52,46.00,1.76

2/24/2023 13:33,25.67,47.00,1.75

2/24/2023 13:48,25.81,46.00,1.79

2/24/2023 14:03,25.92,46.00,1.81

2/24/2023 14:18,26.05,45.00,1.85

2/24/2023 14:33,26.21,45.00,1.87

2/24/2023 14:48,26.40,45.00,1.89

2/24/2023 15:03,26.47,45.00,1.90

2/24/2023 15:18,26.60,44.00,1.95

2/24/2023 15:33,26.70,43.00,2.00

2/24/2023 15:48,26.84,42.00,2.05

2/24/2023 16:03,27.17,42.00,2.09

2/24/2023 16:18,27.21,43.00,2.06

2/24/2023 16:33,27.27,42.00,2.10

2/24/2023 16:48,27.34,42.00,2.11

2/24/2023 17:03,27.42,42.00,2.12

2/24/2023 17:18,27.44,41.00,2.16

2/24/2023 17:33,27.30,42.00,2.10

2/24/2023 17:48,27.21,42.00,2.09

2/24/2023 18:03,26.95,42.00,2.06

2/24/2023 18:18,26.60,43.00,1.98

2/24/2023 18:33,26.26,44.00,1.91

2/24/2023 18:48,26.03,45.00,1.85

2/24/2023 19:03,25.85,45.00,1.83

2/24/2023 19:18,25.75,45.00,1.82

2/24/2023 19:33,25.72,46.00,1.79

2/24/2023 19:48,25.67,46.00,1.78

2/24/2023 20:03,25.51,46.00,1.76

2/24/2023 20:18,25.44,47.00,1.72

2/24/2023 20:33,25.45,46.00,1.76

2/24/2023 20:48,25.44,47.00,1.72

2/24/2023 21:03,25.42,47.00,1.72

2/24/2023 21:18,25.36,48.00,1.68

2/24/2023 21:33,25.30,48.00,1.68

2/24/2023 21:48,25.31,48.00,1.68

2/24/2023 22:03,25.31,48.00,1.68

2/24/2023 22:18,25.33,49.00,1.65

2/24/2023 22:33,25.24,49.00,1.64

2/24/2023 22:48,25.16,49.00,1.63

2/24/2023 23:03,25.17,49.00,1.63

2/24/2023 23:18,25.17,49.00,1.63

2/24/2023 23:33,25.13,49.00,1.63

2/24/2023 23:48,25.07,50.00,1.59

2/25/2023 00:03,25.00,50.00,1.58

2/25/2023 00:18,25.03,50.00,1.59

2/25/2023 00:33,25.02,50.00,1.59

2/25/2023 00:48,24.96,51.00,1.55

2/25/2023 01:03,24.87,52.00,1.51

2/25/2023 01:18,24.87,52.00,1.51

2/25/2023 01:33,24.78,55.00,1.41

2/25/2023 01:48,24.78,57.00,1.34

2/25/2023 02:03,24.68,59.00,1.27

2/25/2023 02:18,24.63,60.00,1.24

2/25/2023 02:33,24.56,60.00,1.23

2/25/2023 02:48,24.54,60.00,1.23

2/25/2023 03:03,24.49,62.00,1.17

2/25/2023 03:18,24.48,65.00,1.07

2/25/2023 03:33,24.48,67.00,1.01

2/25/2023 03:48,24.48,70.00,0.92

2/25/2023 04:03,24.48,71.00,0.89

2/25/2023 04:18,24.48,73.00,0.83

2/25/2023 04:33,24.38,72.00,0.85

2/25/2023 04:48,24.40,73.00,0.83

2/25/2023 05:03,24.40,75.00,0.76

2/25/2023 05:18,24.42,77.00,0.70

2/25/2023 05:33,24.36,73.00,0.82

2/25/2023 05:48,24.45,75.00,0.77

2/25/2023 06:03,24.47,72.00,0.86

2/25/2023 06:18,24.86,68.00,1.01

2/25/2023 06:33,25.44,56.00,1.43

2/25/2023 06:48,25.84,51.00,1.63

2/25/2023 07:03,26.16,50.00,1.70

2/25/2023 07:18,26.43,49.00,1.76

2/25/2023 07:33,26.70,48.00,1.82

2/25/2023 07:48,26.87,48.00,1.84

2/25/2023 08:03,26.95,48.00,1.85

2/25/2023 08:18,27.07,48.00,1.86

2/25/2023 08:33,27.18,47.00,1.91

2/25/2023 08:48,27.28,47.00,1.92

2/25/2023 09:03,27.30,47.00,1.92

2/25/2023 09:18,27.03,40.00,2.14

2/25/2023 09:33,26.95,39.00,2.17

2/25/2023 09:48,26.73,38.00,2.18

2/25/2023 10:03,26.89,39.00,2.16

2/25/2023 10:18,26.60,39.00,2.12

2/25/2023 10:33,26.02,39.00,2.05

2/25/2023 10:48,24.82,56.00,1.38

2/25/2023 11:03,24.72,69.00,0.97

2/25/2023 11:18,24.56,66.00,1.05

2/25/2023 11:33,24.59,77.00,0.71

2/25/2023 11:48,24.51,77.00,0.71

2/25/2023 12:03,24.97,74.00,0.82

2/25/2023 12:18,25.06,60.00,1.27

2/25/2023 12:33,24.60,75.00,0.77

2/25/2023 12:48,24.54,77.00,0.71

2/25/2023 13:03,24.51,77.00,0.71

2/25/2023 13:18,24.76,76.00,0.75

2/25/2023 13:33,24.82,64.00,1.13

2/25/2023 13:48,24.91,75.00,0.79

2/25/2023 14:03,25.00,63.00,1.17

2/25/2023 14:18,24.73,76.00,0.75

2/25/2023 14:33,25.17,73.00,0.86

2/25/2023 14:48,25.71,62.00,1.26

2/25/2023 15:03,25.68,62.00,1.25

2/25/2023 15:18,25.98,60.00,1.34

2/25/2023 15:33,25.47,65.00,1.14

2/25/2023 15:48,25.67,66.00,1.12

2/25/2023 16:03,25.54,66.00,1.11

2/25/2023 16:18,25.85,63.00,1.23

2/25/2023 16:33,26.33,58.00,1.44

2/25/2023 16:48,25.89,63.00,1.24

2/25/2023 17:03,26.30,60.00,1.37

2/25/2023 17:18,26.06,63.00,1.25

2/25/2023 17:33,26.90,57.00,1.52

2/25/2023 17:48,26.23,63.00,1.26

2/25/2023 18:03,26.93,56.00,1.56

2/25/2023 18:18,25.00,67.00,1.05

2/25/2023 18:33,25.92,58.00,1.41

2/25/2023 18:48,25.91,57.00,1.44

2/25/2023 19:03,25.87,57.00,1.43

2/25/2023 19:18,25.80,57.00,1.43

2/25/2023 19:33,25.84,56.00,1.46

2/25/2023 19:48,25.75,56.00,1.46

2/25/2023 20:03,25.81,55.00,1.50

2/25/2023 20:18,25.81,55.00,1.50

2/25/2023 20:33,25.82,55.00,1.50

2/25/2023 20:48,25.77,54.00,1.53

2/25/2023 21:03,25.72,54.00,1.52

2/25/2023 21:18,25.70,54.00,1.52

2/25/2023 21:33,25.65,54.00,1.51

2/25/2023 21:48,25.67,55.00,1.48

2/25/2023 22:03,25.60,55.00,1.48

2/25/2023 22:18,25.54,55.00,1.47

2/25/2023 22:33,25.44,56.00,1.43

2/25/2023 22:48,25.48,56.00,1.43

2/25/2023 23:03,25.38,57.00,1.39

2/25/2023 23:18,25.44,57.00,1.40

2/25/2023 23:33,25.37,57.00,1.39

2/25/2023 23:48,25.31,57.00,1.39

2/26/2023 00:03,25.23,58.00,1.35

2/26/2023 00:18,25.11,58.00,1.34

2/26/2023 00:33,24.99,58.00,1.33

2/26/2023 00:48,24.75,58.00,1.31

2/26/2023 01:03,24.52,58.00,1.29

2/26/2023 01:18,24.55,57.00,1.33

2/26/2023 01:33,24.72,59.00,1.28

2/26/2023 01:48,24.80,62.00,1.19

2/26/2023 02:03,24.76,63.00,1.16

2/26/2023 02:18,24.80,64.00,1.13

2/26/2023 02:33,24.78,64.00,1.13

2/26/2023 02:48,24.90,64.00,1.13

2/26/2023 03:03,24.86,58.00,1.32

2/26/2023 03:18,24.80,55.00,1.41

2/26/2023 03:33,24.78,54.00,1.44

2/26/2023 03:48,24.56,55.00,1.39

2/26/2023 04:03,24.56,59.00,1.27

2/26/2023 04:18,24.49,63.00,1.14

2/26/2023 04:33,24.51,65.00,1.08

2/26/2023 04:48,23.76,76.00,0.71

2/26/2023 05:03,23.45,77.00,0.66

2/26/2023 05:18,23.49,74.00,0.75

2/26/2023 05:33,23.47,73.00,0.78

2/26/2023 05:48,23.52,72.00,0.81

2/26/2023 06:03,23.47,73.00,0.78

2/26/2023 06:18,23.87,72.00,0.83

2/26/2023 06:33,24.34,71.00,0.88

2/26/2023 06:48,24.52,74.00,0.80

2/26/2023 07:03,24.55,74.00,0.80

2/26/2023 07:18,24.58,76.00,0.74

2/26/2023 07:33,24.52,77.00,0.71

2/26/2023 07:48,24.54,78.00,0.68

2/26/2023 08:03,24.76,78.00,0.69

2/26/2023 08:18,24.80,76.00,0.75

2/26/2023 08:33,24.85,75.00,0.78

2/26/2023 08:48,24.93,75.00,0.79

2/26/2023 09:03,24.99,75.00,0.79

2/26/2023 09:18,24.99,75.00,0.79

2/26/2023 09:33,25.06,76.00,0.76

2/26/2023 09:48,25.11,76.00,0.77

2/26/2023 10:03,25.07,76.00,0.76

2/26/2023 10:18,25.00,77.00,0.73

2/26/2023 10:33,25.98,69.00,1.04

2/26/2023 10:48,25.20,75.00,0.80

2/26/2023 11:03,25.10,76.00,0.76

2/26/2023 11:18,25.00,77.00,0.73

2/26/2023 11:33,24.96,77.00,0.73

2/26/2023 11:48,24.82,77.00,0.72

2/26/2023 12:03,24.75,77.00,0.72

2/26/2023 12:18,25.57,69.00,1.02

2/26/2023 12:33,24.76,76.00,0.75

2/26/2023 12:48,24.68,78.00,0.68

2/26/2023 13:03,25.11,74.00,0.83

2/26/2023 13:18,25.30,72.00,0.90

2/26/2023 13:33,25.55,69.00,1.01

2/26/2023 13:48,25.44,70.00,0.98

2/26/2023 14:03,25.92,68.00,1.07

2/26/2023 14:18,25.65,69.00,1.02

2/26/2023 14:33,25.71,69.00,1.02

2/26/2023 14:48,25.99,66.00,1.14

2/26/2023 15:03,26.02,65.00,1.18

2/26/2023 15:18,26.08,64.00,1.22

2/26/2023 15:33,25.93,65.00,1.17

2/26/2023 15:48,25.91,65.00,1.17

2/26/2023 16:03,25.87,65.00,1.17

2/26/2023 16:18,25.92,64.00,1.20

2/26/2023 16:33,26.19,63.00,1.26

2/26/2023 16:48,26.03,62.00,1.28

2/26/2023 17:03,26.15,62.00,1.29

2/26/2023 17:18,26.39,60.00,1.38

2/26/2023 17:33,26.53,59.00,1.42

2/26/2023 17:48,26.29,59.00,1.40

2/26/2023 18:03,26.15,59.00,1.39

2/26/2023 18:18,25.98,59.00,1.38

2/26/2023 18:33,25.68,60.00,1.32

2/26/2023 18:48,25.52,60.00,1.31

2/26/2023 19:03,25.41,60.00,1.30

2/26/2023 19:18,25.29,60.00,1.29

2/26/2023 19:33,25.29,60.00,1.29

2/26/2023 19:48,25.24,60.00,1.29

2/26/2023 20:03,25.23,60.00,1.28

2/26/2023 20:18,25.20,60.00,1.28

2/26/2023 20:33,25.13,60.00,1.28

2/26/2023 20:48,24.91,60.00,1.26

2/26/2023 21:03,24.90,60.00,1.26

2/26/2023 21:18,24.83,60.00,1.25

2/26/2023 21:33,24.86,60.00,1.26

2/26/2023 21:48,24.76,60.00,1.25

2/26/2023 22:03,24.72,60.00,1.25

2/26/2023 22:18,24.66,60.00,1.24

2/26/2023 22:33,24.52,60.00,1.23

2/26/2023 22:48,24.70,61.00,1.21

2/26/2023 23:03,24.70,65.00,1.09

2/26/2023 23:18,24.66,67.00,1.02

2/26/2023 23:33,24.66,69.00,0.96

2/26/2023 23:48,24.60,69.00,0.96

2/27/2023 00:03,24.62,70.00,0.93

2/27/2023 00:18,24.59,70.00,0.93

2/27/2023 00:33,24.58,71.00,0.90

2/27/2023 00:48,24.55,71.00,0.89

2/27/2023 01:03,24.51,71.00,0.89

2/27/2023 01:18,24.52,71.00,0.89

2/27/2023 01:33,24.45,72.00,0.86

2/27/2023 01:48,24.48,71.00,0.89

2/27/2023 02:03,24.40,71.00,0.89

2/27/2023 02:18,24.51,72.00,0.86

2/27/2023 02:33,24.45,72.00,0.86

2/27/2023 02:48,25.00,72.00,0.89

2/27/2023 03:03,24.47,72.00,0.86

2/27/2023 03:18,24.39,71.00,0.89

2/27/2023 03:33,24.38,70.00,0.92

2/27/2023 03:48,24.48,71.00,0.89

2/27/2023 04:03,24.45,71.00,0.89

2/27/2023 04:18,24.49,71.00,0.89

2/27/2023 04:33,24.51,71.00,0.89

2/27/2023 04:48,24.48,71.00,0.89

2/27/2023 05:03,24.47,72.00,0.86

2/27/2023 05:18,24.48,71.00,0.89

2/27/2023 05:33,24.48,72.00,0.86

2/27/2023 05:48,24.47,73.00,0.83

2/27/2023 06:03,24.45,74.00,0.80

2/27/2023 06:18,24.42,74.00,0.80

2/27/2023 06:33,24.52,74.00,0.80

2/27/2023 06:48,24.52,74.00,0.80

2/27/2023 07:03,24.59,73.00,0.83

2/27/2023 07:18,24.72,72.00,0.87

2/27/2023 07:33,24.96,68.00,1.01

2/27/2023 07:48,25.30,60.00,1.29

2/27/2023 08:03,25.52,59.00,1.34

2/27/2023 08:18,25.78,58.00,1.39

2/27/2023 08:33,24.54,61.00,1.20

2/27/2023 08:48,24.42,66.00,1.04

2/27/2023 09:18,24.90,58.00,1.32

2/27/2023 09:33,23.84,74.00,0.77

2/27/2023 09:48,23.61,77.00,0.67

2/27/2023 10:03,23.49,78.00,0.64

2/27/2023 10:18,23.32,79.00,0.60

2/27/2023 10:33,23.70,79.00,0.62

2/27/2023 10:48,23.50,78.00,0.64

2/27/2023 11:03,23.46,78.00,0.64

2/27/2023 11:18,23.40,79.00,0.60

2/27/2023 11:33,23.70,78.00,0.64

2/27/2023 11:48,23.81,77.00,0.68

2/27/2023 12:03,23.87,77.00,0.68

2/27/2023 12:18,23.66,80.00,0.58

2/27/2023 12:33,23.77,76.00,0.71

2/27/2023 12:48,23.74,78.00,0.65

2/27/2023 13:03,23.76,77.00,0.68

2/27/2023 13:18,23.88,76.00,0.71

2/27/2023 13:33,23.93,77.00,0.68

2/27/2023 13:48,23.97,79.00,0.63

2/27/2023 14:03,24.19,79.00,0.63

2/27/2023 14:18,24.07,78.00,0.66

2/27/2023 14:33,24.03,77.00,0.69

2/27/2023 14:48,25.00,74.00,0.82

2/27/2023 15:03,24.21,76.00,0.73

2/27/2023 15:18,24.21,78.00,0.66

2/27/2023 15:33,24.31,77.00,0.70

2/27/2023 15:48,24.00,70.00,0.90

2/27/2023 16:03,24.45,67.00,1.01

2/27/2023 16:18,24.47,67.00,1.01

2/27/2023 16:33,24.48,66.00,1.04

2/27/2023 16:48,24.51,64.00,1.11

2/27/2023 17:03,24.40,64.00,1.10

2/27/2023 17:18,24.43,63.00,1.13

2/27/2023 17:33,24.43,63.00,1.13

2/27/2023 17:48,25.00,63.00,1.17

2/27/2023 18:03,24.35,62.00,1.16

2/27/2023 18:18,23.89,75.00,0.74

2/27/2023 18:33,23.80,79.00,0.62

2/27/2023 18:48,23.68,77.00,0.67

2/27/2023 19:03,23.66,77.00,0.67

2/27/2023 19:18,23.49,76.00,0.69

2/27/2023 19:33,23.26,76.00,0.68

2/27/2023 19:48,23.10,80.00,0.57

2/27/2023 20:03,23.19,77.00,0.65

2/27/2023 20:18,22.94,78.00,0.62

2/27/2023 20:33,22.94,77.00,0.64

2/27/2023 20:48,22.79,77.00,0.64

2/27/2023 21:03,22.96,77.00,0.64

2/27/2023 21:18,23.16,77.00,0.65

2/27/2023 21:33,23.19,77.00,0.65

2/27/2023 21:48,23.27,76.00,0.69

2/27/2023 22:03,23.17,77.00,0.65

2/27/2023 22:18,23.23,77.00,0.66

2/27/2023 22:33,23.36,78.00,0.63

2/27/2023 22:48,23.20,78.00,0.63

2/27/2023 23:03,23.13,79.00,0.59

2/27/2023 23:18,23.23,78.00,0.63

2/27/2023 23:33,23.20,75.00,0.71

2/27/2023 23:48,22.78,79.00,0.58

2/28/2023 00:03,22.96,79.00,0.59

2/28/2023 00:18,22.80,78.00,0.61

2/28/2023 00:33,22.75,77.00,0.64

2/28/2023 00:48,22.72,76.00,0.66

2/28/2023 01:03,22.38,78.00,0.60

2/28/2023 01:18,22.47,78.00,0.60

2/28/2023 01:33,22.30,78.00,0.59

2/28/2023 01:48,22.38,78.00,0.60

2/28/2023 02:03,22.07,77.00,0.61

2/28/2023 02:18,21.87,78.00,0.58

2/28/2023 02:33,21.64,78.00,0.57

2/28/2023 02:48,21.04,78.00,0.55

2/28/2023 03:03,20.46,78.00,0.53

2/28/2023 03:18,19.42,82.00,0.41

2/28/2023 03:33,19.14,86.00,0.31

2/28/2023 03:48,19.41,86.00,0.32

2/28/2023 04:03,19.48,85.00,0.34

2/28/2023 04:18,19.59,85.00,0.34

2/28/2023 04:33,19.54,85.00,0.34

2/28/2023 04:48,20.16,84.00,0.38

2/28/2023 05:03,20.00,84.00,0.37

2/28/2023 05:18,20.91,82.00,0.45

2/28/2023 05:33,21.05,82.00,0.45

2/28/2023 05:48,21.16,82.00,0.45

2/28/2023 06:03,21.42,81.00,0.48

2/28/2023 06:18,21.53,81.00,0.49

2/28/2023 06:33,21.80,80.00,0.52

2/28/2023 06:48,21.93,80.00,0.53

2/28/2023 07:03,22.56,77.00,0.63

2/28/2023 07:18,22.69,78.00,0.61

2/28/2023 07:33,23.16,76.00,0.68

2/28/2023 07:48,23.54,78.00,0.64

2/28/2023 08:03,24.29,77.00,0.70

2/28/2023 08:18,24.36,71.00,0.88

2/28/2023 08:33,24.40,65.00,1.07

2/28/2023 08:48,24.45,63.00,1.13

2/28/2023 09:03,24.48,62.00,1.17

2/28/2023 09:18,24.45,62.00,1.16

2/28/2023 09:33,24.48,65.00,1.07

2/28/2023 09:48,24.49,63.00,1.14

2/28/2023 10:03,24.47,62.00,1.17

2/28/2023 10:18,24.00,63.00,1.10

2/28/2023 10:33,24.52,62.00,1.17

2/28/2023 10:48,24.51,60.00,1.23

2/28/2023 11:03,24.54,60.00,1.23

2/28/2023 11:18,24.48,61.00,1.20

2/28/2023 11:33,24.43,60.00,1.22

2/28/2023 11:48,24.45,58.00,1.29

2/28/2023 12:03,24.49,57.00,1.32

2/28/2023 12:18,24.35,56.00,1.34

2/28/2023 12:33,24.40,55.00,1.38

2/28/2023 12:48,24.43,55.00,1.38

2/28/2023 13:03,24.45,55.00,1.38

2/28/2023 13:18,24.35,60.00,1.22

2/28/2023 13:33,24.49,56.00,1.35

2/28/2023 13:48,24.45,53.00,1.44

2/28/2023 14:03,24.49,52.00,1.47

2/28/2023 14:18,24.51,53.00,1.45

2/28/2023 14:33,24.52,57.00,1.32

2/28/2023 14:48,24.60,53.00,1.45

2/28/2023 15:03,24.54,53.00,1.45

2/28/2023 15:18,24.69,53.00,1.46

2/28/2023 15:33,24.70,52.00,1.49

2/28/2023 15:48,24.89,52.00,1.51

2/28/2023 16:03,25.14,52.00,1.53

2/28/2023 16:18,25.33,51.00,1.58

2/28/2023 16:33,25.55,51.00,1.60

2/28/2023 16:48,25.21,51.00,1.57

2/28/2023 17:03,25.17,52.00,1.54

2/28/2023 17:18,25.13,53.00,1.50

2/28/2023 17:33,25.52,52.00,1.57

2/28/2023 17:48,25.74,52.00,1.59

2/28/2023 18:03,25.65,52.00,1.58

2/28/2023 18:18,25.42,53.00,1.53

2/28/2023 18:33,25.20,54.00,1.47

2/28/2023 18:48,25.06,54.00,1.46

2/28/2023 19:03,24.94,54.00,1.45

2/28/2023 19:18,24.93,55.00,1.42

2/28/2023 19:33,24.80,55.00,1.41

2/28/2023 19:48,24.70,54.00,1.43

2/28/2023 20:03,24.60,55.00,1.39

2/28/2023 20:18,24.49,55.00,1.38

2/28/2023 20:33,25.00,53.00,1.49

2/28/2023 20:48,24.49,53.00,1.44

2/28/2023 21:03,24.43,52.00,1.47

2/28/2023 21:18,24.47,55.00,1.38

2/28/2023 21:33,24.47,56.00,1.35

2/28/2023 21:48,24.49,57.00,1.32

2/28/2023 22:03,24.48,59.00,1.26

2/28/2023 22:18,24.47,60.00,1.23

2/28/2023 22:33,24.00,60.00,1.19

2/28/2023 22:48,24.48,57.00,1.32

2/28/2023 23:03,24.48,57.00,1.32

2/28/2023 23:18,24.48,58.00,1.29

2/28/2023 23:33,24.48,57.00,1.32

2/28/2023 23:48,24.48,58.00,1.29

3/1/2023 00:03,24.48,58.00,1.29

3/1/2023 00:18,24.48,58.00,1.29

3/1/2023 00:33,24.47,59.00,1.26

3/1/2023 00:48,24.45,60.00,1.23

3/1/2023 01:03,24.47,59.00,1.26

3/1/2023 01:33,24.49,59.00,1.26

3/1/2023 01:48,24.48,60.00,1.23

3/1/2023 02:03,24.47,61.00,1.20

3/1/2023 02:18,24.47,61.00,1.20

3/1/2023 02:33,24.42,63.00,1.13

3/1/2023 02:48,24.42,62.00,1.16

3/1/2023 03:03,24.40,62.00,1.16

3/1/2023 03:18,24.38,62.00,1.16

3/1/2023 03:33,24.32,61.00,1.19

3/1/2023 03:48,24.28,62.00,1.15

3/1/2023 04:03,24.29,63.00,1.12

3/1/2023 04:18,24.28,63.00,1.12

3/1/2023 04:33,24.32,64.00,1.09

3/1/2023 04:48,24.31,64.00,1.09

3/1/2023 05:03,24.29,63.00,1.12

3/1/2023 05:18,24.29,64.00,1.09

3/1/2023 05:33,24.31,64.00,1.09

3/1/2023 05:48,24.32,65.00,1.06

3/1/2023 06:03,24.31,60.00,1.22

3/1/2023 06:18,24.35,57.00,1.31

3/1/2023 06:33,24.49,55.00,1.38

3/1/2023 06:48,24.55,55.00,1.39

3/1/2023 07:03,24.86,55.00,1.41

3/1/2023 07:18,25.13,54.00,1.47

3/1/2023 07:33,25.38,54.00,1.49

3/1/2023 07:48,25.57,54.00,1.51

3/1/2023 08:03,25.72,54.00,1.52

3/1/2023 08:18,25.88,53.00,1.57

3/1/2023 08:33,25.95,53.00,1.58

3/1/2023 08:48,26.02,53.00,1.58

3/1/2023 09:03,26.05,53.00,1.58

3/1/2023 09:18,26.09,53.00,1.59

3/1/2023 09:33,26.13,53.00,1.59

3/1/2023 09:48,26.08,53.00,1.59

3/1/2023 10:03,26.09,53.00,1.59

3/1/2023 10:18,26.02,53.00,1.58

3/1/2023 10:33,26.02,53.00,1.58

3/1/2023 10:48,25.95,53.00,1.58

3/1/2023 11:03,25.95,53.00,1.58

3/1/2023 11:18,25.89,52.00,1.60

3/1/2023 11:33,25.82,52.00,1.60

3/1/2023 11:48,25.72,52.00,1.59

3/1/2023 12:03,25.64,51.00,1.61

3/1/2023 12:18,25.58,51.00,1.61

3/1/2023 12:33,25.54,50.00,1.64

3/1/2023 12:48,25.55,50.00,1.64

3/1/2023 13:03,25.64,49.00,1.68

3/1/2023 13:18,25.50,49.00,1.66

3/1/2023 13:33,25.58,49.00,1.67

3/1/2023 13:48,25.65,49.00,1.68

3/1/2023 14:03,25.70,48.00,1.72

3/1/2023 14:18,25.68,47.00,1.75

3/1/2023 14:33,25.70,47.00,1.75

3/1/2023 14:48,25.80,47.00,1.76

3/1/2023 15:03,25.81,47.00,1.76

3/1/2023 15:18,26.01,47.00,1.78

3/1/2023 15:33,26.21,47.00,1.80

3/1/2023 15:48,26.32,46.00,1.85

3/1/2023 16:03,26.47,45.00,1.90

3/1/2023 16:18,26.46,46.00,1.86

3/1/2023 16:33,26.11,46.00,1.83

3/1/2023 16:48,25.89,47.00,1.77

3/1/2023 17:03,25.96,47.00,1.78

3/1/2023 17:18,26.18,47.00,1.80

3/1/2023 17:33,26.18,46.00,1.83

3/1/2023 17:48,26.28,46.00,1.85

3/1/2023 18:03,26.26,46.00,1.84

3/1/2023 18:18,26.01,46.00,1.82

3/1/2023 18:33,25.72,47.00,1.75

3/1/2023 18:48,25.50,47.00,1.73

3/1/2023 19:03,25.34,47.00,1.71

3/1/2023 19:18,25.26,47.00,1.70

3/1/2023 19:33,25.23,47.00,1.70

3/1/2023 19:48,25.11,47.00,1.69

3/1/2023 20:03,25.09,47.00,1.69

3/1/2023 20:18,24.99,47.00,1.68

3/1/2023 20:33,24.94,47.00,1.67

3/1/2023 20:48,24.90,47.00,1.67

3/1/2023 21:03,24.72,47.00,1.65

3/1/2023 21:18,24.69,47.00,1.65

3/1/2023 21:33,24.65,48.00,1.61

3/1/2023 21:48,24.62,48.00,1.61

3/1/2023 22:03,24.56,48.00,1.60

3/1/2023 22:18,24.51,49.00,1.57

3/1/2023 22:33,24.47,49.00,1.57

3/1/2023 22:48,24.54,49.00,1.57

3/1/2023 23:03,24.43,50.00,1.53

3/1/2023 23:18,24.38,51.00,1.50

3/1/2023 23:33,24.31,50.00,1.52

3/1/2023 23:48,24.45,51.00,1.50

3/2/2023 00:03,24.47,52.00,1.47

3/2/2023 00:18,24.47,53.00,1.44

3/2/2023 00:33,24.45,53.00,1.44

3/2/2023 00:48,24.47,54.00,1.41

3/2/2023 01:03,24.48,55.00,1.38

3/2/2023 01:18,24.42,56.00,1.35

3/2/2023 01:33,24.40,56.00,1.34

3/2/2023 01:48,24.39,57.00,1.31

3/2/2023 02:03,24.39,57.00,1.31

3/2/2023 02:18,24.31,57.00,1.31

3/2/2023 02:33,24.19,58.00,1.27

3/2/2023 02:48,24.12,58.00,1.26

3/2/2023 03:03,24.05,58.00,1.26

3/2/2023 03:18,23.96,58.00,1.25

3/2/2023 03:33,23.96,58.00,1.25

3/2/2023 03:48,23.98,58.00,1.25

3/2/2023 04:03,23.98,58.00,1.25

3/2/2023 04:18,23.94,59.00,1.22

3/2/2023 04:33,23.93,59.00,1.22

3/2/2023 04:48,23.83,59.00,1.21

3/2/2023 05:03,23.81,60.00,1.18

3/2/2023 05:18,23.67,60.00,1.17

3/2/2023 05:33,23.58,59.00,1.19

3/2/2023 05:48,23.46,59.00,1.18

3/2/2023 06:03,23.54,59.00,1.19

3/2/2023 06:18,23.63,58.00,1.23

3/2/2023 06:33,23.73,58.00,1.23

3/2/2023 06:48,23.81,58.00,1.24

3/2/2023 07:03,24.14,57.00,1.29

3/2/2023 07:18,24.51,53.00,1.45

3/2/2023 07:33,24.59,51.00,1.51

3/2/2023 07:48,24.76,50.00,1.56

3/2/2023 08:03,24.96,50.00,1.58

3/2/2023 08:18,25.10,50.00,1.59

3/2/2023 08:33,25.06,53.00,1.49

3/2/2023 08:48,24.69,54.00,1.43

3/2/2023 09:03,24.69,55.00,1.40

3/2/2023 09:18,24.78,54.00,1.44

3/2/2023 09:33,24.68,55.00,1.40

3/2/2023 09:48,24.66,56.00,1.37

3/2/2023 10:03,24.62,58.00,1.30

3/2/2023 10:18,24.56,60.00,1.23

3/2/2023 10:33,24.60,60.00,1.24

3/2/2023 10:48,24.60,61.00,1.21

3/2/2023 11:03,24.58,61.00,1.20
